infile,author,dob,dod,gender,wikidata,bnf,viaf,loc,bne,isni,birth_date,death_date,century
"Abente_y_Lago,Victorino",Victorino Abente y Lago,1846-06-02,1935-12-22,male,Q11705076,12073572v,4953742,n84157483,XX5417948,0000 0000 2595 8160,1846-06-02T00:00:00Z,1935-12-22T00:00:00Z,<XXI
"Aburto_Uribe,Teresa",Teresa Aburto Uribe,,,,,,,,,,,,XXI
"Aching_Samatelo,César",César Aching Samatelo,,,,,,,,,,,,XXI
"Acosta_Sánchez,Juan_Felipe",Juan Felipe Acosta Sánchez,,,,,,,,,,,,XXI
"Acuña,Hernando_de",Hernando de Acuña,1518-01-01,1580-06-22,male,Q1749066,129560056,25407038,n82103154,XX820757,0000 0001 1610 0661,1518-01-01T00:00:00Z,1580-06-22T00:00:00Z,<XXI
"Acuña,Manuel",Manuel Acuña,1849-08-07,1873-12-06,male,Q2255746,12146059j,39414418,nr99018314,XX828217,0000 0000 8374 0549,1849-08-07T00:00:00Z,1873-12-06T00:00:00Z,<XXI
"Adames,Roberto_José",Roberto José Adames,,,,,,,,,,,,XXI
"Adrados_Maestre,Enrique",Enrique Adrados Maestre,,,,,,,,,,,,XXI
Aguijonmagico,Aguijonmagico,,,,,,,,,,,,XXI
"Aguilar_Martínez,Luis",Luis Aguilar Martínez,,,,,,,,,,,,XXI
"Aguirre,Mirta",Mirta Aguirre,1912-10-18,1980-08-08,female,Q9033592,12029678m,112207079,n81103550,XX1134234,0000 0001 0936 3383,1912-10-18T00:00:00Z,1980-08-08T00:00:00Z,<XXI
"Aguirre_y_Fierro,Guillermo",Guillermo Aguirre y Fierro,1887-05-27,1949-05-27,male,,12029678m,112207079,n81103550,XX1134234,0000 0001 0936 3383,1887-05-27T00:00:00Z,1949-05-27T00:00:00Z,<XXI
"Agustini,Delmira",Delmira Agustini,1886-10-24,1914-07-06,female,Q239458,120213091,72187462,n82214943,XX1010031,0000 0001 0914 7517,1886-10-24T00:00:00Z,1914-07-06T00:00:00Z,<XXI
"Ainchil,Claudia",Claudia Ainchil,,,,,,,,,,,,XXI
"Akinin_Levy,Samuel",Samuel Akinin Levy,,,,,,,,,,,,XXI
"Al_Haded,Alí",Alí Al Haded,,,,,,,,,,,,XXI
"Alba,Juan_Luis",Juan Luis Alba,,,,,,,,,,,,XXI
"Albaíno,Genaro",Genaro Albaíno,,,,,,,,,,,,XXI
"Alberca,Marta",Marta Alberca,,,,,,,,,,,,XXI
"Alberti,Rafael",Rafael Alberti,1902-12-16,1999-10-28,male,Q118936,11885596s,51683733,n79021551,XX1719975,0000 0001 2279 8162,1902-12-16T00:00:00Z,1999-10-28T00:00:00Z,<XXI
"Alcántara_Fernández,Orlando",Orlando Alcántara Fernández,,,,,,,,,,,,XXI
"Alcázar,Baltasar_del",Baltasar del Alcázar,1530-01-01,1606-01-16,male,Q4852628,14430874s,39594751,n86834368,XX904436,0000 0000 8700 8005,1530-01-01T00:00:00Z,1606-01-16T00:00:00Z,<XXI
"Aldana,Francisco_de",Francisco de Aldana,1537-01-01,1578-08-04,male,Q3751057,12034937v,37164133,n78095607,XX830601,0000 0001 0888 7417,1537-01-01T00:00:00Z,1578-08-04T00:00:00Z,<XXI
"Aleixandre,Vicente",Vicente Aleixandre,1898-04-26,1984-12-14,male,Q134644,11885602w,109520823,n79007259,XX1720156,0000 0001 2147 4043,1898-04-26T00:00:00Z,1984-12-14T00:00:00Z,<XXI
"Alfaro,Óscar",Oscar Alfaro,1921-09-05,1963-12-25,male,Q2032642,11885602w,118471438,n86815777,XX825867,0000 0000 8414 778X,1921-09-05T00:00:00Z,"1963-12-25T00:00:00Z,1963-12-24T00:00:00Z",<XXI
"Alfaro_Velásquez,Carlos_E.",Carlos E. Alfaro Velásquez,,,,,,,,,,,,XXI
"Almagro,Ramón_de",Ramón de Almagro,,,,,,,,,,,,XXI
"Alonso,Dámaso",Dámaso Alonso,1899-10-22,1990-01-25,male,Q312945,12020631s,4943079,n79119067,XX824040,0000 0001 2118 5444,1899-10-22T00:00:00Z,1989-01-25T00:00:00Z,<XXI
"Alonso,Patricia",Patricia Alonso,,,,,,,,,,,,XXI
"Alonso_Rodríguez,Blanca-María",Blanca-María Alonso Rodríguez,,,,,,,,,,,,XXI
"Altamirano,Ignacio_Manuel",Ignacio Manuel Altamirano Basilio,1834-11-13,1893-02-13,male,Q572655,121517224,4968421,n50021474,XX861859,0000 0001 2275 9040,1834-11-13T00:00:00Z,1893-02-13T00:00:00Z,<XXI
"Altolaguirre,Manuel",Manuel Altolaguirre,1905-06-29,1959-07-26,male,Q921933,14020214c,"2482525,215",n80137692,XX839055,0000 0003 5924 7406,1905-06-29T00:00:00Z,1959-07-26T00:00:00Z,<XXI
"Altuzar_Suárez,Mario_Luis",Mario Luis Altuzar Suárez,,,,,,,,,,,,XXI
"Alvarado,Tito",Tito Alvarado,,,,,,,,,,,,XXI
"Alzate_López,Alain",Alain Alzate López,,,,,,,,,,,,XXI
"Alzugaray,Juan_Leandro",Juan Leandro Alzugaray,,,,,,,,,,,,XXI
Amanda,Amanda,,,,,,,,,,,,XXI
"Amoroso,Alberto_Gustavo",Alberto Gustavo Amoroso,,,,,,,,,,,,XXI
"Anadón,Antonio_José",Antonio José Anadón,,,,,,,,,,,,XXI
"Andivia,Juan",Juan Andivia,,,,,,,,,,,,XXI
"Andrade,Víctor",Víctor Andrade,,,,,,,,,,,,XXI
"Álvarez_de_Cienfuegos,Nicasio",Nicasio Álvarez de Cienfuegos,1764-12-14,1809-06-30,male,Q3875812,12198908n,109514381,n88075008,XX829258,0000 0001 1698 1366,1764-12-14T00:00:00Z,1809-06-30T00:00:00Z,<XXI
Anna,Anna,,,,,,,,,,,,XXI
"Álvarez_Quintero,Hermanos",Quintero brothers,1764-12-14,1809-06-30,male,Q2879473,12198908n,170287806,n88075008,XX829258,0000 0001 1698 1366,1764-12-14T00:00:00Z,1809-06-30T00:00:00Z,<XXI
"Ansotegi_Suárez,Íñigo_J.",Íñigo J. Ansotegi Suárez,,,,,,,,,,,,XXI
"Aparicio_González,Jesús",Jesús Aparicio González,,,,,,,,,,,,XXI
"Aranda,Ismael",Ismael Aranda,,,,,,,,,,,,XXI
"Andreu,Blanca",Blanca Andreu,1959-08-04,,female,Q3391905,122518159,62708664,n84174408,XX875274,0000 0000 5950 3885,1959-08-04T00:00:00Z,,<XXI
Anónimo_y_Romancero,Anónimo y Romancero,1000-08-04,1938-06-30,female,,122518159,62708664,n84174408,XX875274,0000 0000 5950 3885,1959-08-04T00:00:00Z,1809-06-30T00:00:00Z,<XXI
"Arespacochaga,Joaquín",Joaquín Arespacochaga,,,,,,,,,,,,XXI
"Argaya,Miguel",Miguel Argaya,,,,,,,,,,,,XXI
"Arboleda_Pombo,Julio",Julio Arboleda Pombo,1817-06-09,1862-11-13,male,Q3189799,122518159,40850132,n86011371,XX1508953,0000 0000 8119 8530,1817-06-09T00:00:00Z,1862-11-13T00:00:00Z,<XXI
"Arciniegas,Ismael_Enrique",Ismael Enrique Arciniegas,1865-01-02,1938-01-23,male,Q5922599,122518159,30956884,n85016456,XX1303712,0000 0000 7689 3635,1865-01-02T00:00:00Z,1938-01-23T00:00:00Z,<XXI
"Arguijo,Juan_de",Juan de Arguijo,1567-01-01,1622-08-07,male,Q3810934,127034830,121956947,n80081758,XX836291,0000 0001 0940 1175,1567-01-01T00:00:00Z,1622-08-07T00:00:00Z,<XXI
"Aridjis,Homero",Homero Aridjis,1940-04-06,,male,Q3506508,120604463,27087113,n50030688,XX1633664,0000 0001 0881 5835,1940-04-06T00:00:00Z,,<XXI
"Arjona,Manuel_María_de",Manuel María de Arjona y de Cubas,1771-06-12,1820-07-25,male,Q3845023,13172399d,121930874,n50030688,XX836858,0000 0001 0881 5835,1771-06-12T00:00:00Z,1820-07-25T00:00:00Z,<XXI
"Arolas,Juan",Juan Arolas,1805-06-20,1849-11-25,male,Q713816,120251904,12321739,n83214056,XX882717,0000 0001 0870 1475,1805-06-20T00:00:00Z,1849-11-25T00:00:00Z,<XXI
"Arreola,Juan_José",Juan José Arreola,1918-09-21,2001-12-03,male,Q1088596,11889216f,19673379,n83050857,XX1719942,0000 0001 0876 082X,1918-09-21T00:00:00Z,2001-12-03T00:00:00Z,<XXI
"Asén,Miguel_de",Miguel de Asén,,,,,,,,,,,,XXI
"Arriaza,Juan_Bautista_de",Juan Bautista Arriaza,1770-02-27,1837-01-22,male,Q327805,169308320,35385691,n85261512,XX1183449,0000 0000 6631 1718,1770-02-27T00:00:00Z,1837-01-22T00:00:00Z,<XXI
"Arturo,Aurelio",Aurelio Arturo,1906-02-22,1974-11-24,male,Q775518,12059670g,2492066,n89654094,XX1125953,0000 0001 2019 8163,1906-02-22T00:00:00Z,1974-11-24T00:00:00Z,<XXI
"Azar,Santiago",Santiago Azar,,,,,,,,,,,,XXI
"Azuela_Espinoza,Francisco",Francisco Azuela Espinoza,,,,,,,,,,,,XXI
"Álvarez,Atilio",Atilio Álvarez,,,,,,,,,,,,XXI
"Álvarez,Héctor",Héctor Álvarez,,,,,,,,,,,,XXI
"Álvarez,Luis",Luis Álvarez,,,,,,,,,,,,XXI
"Álvarez-Hidalgo,Francisco",Francisco Álvarez-Hidalgo,,,,,,,,,,,,XXI
"Álvarez_Bürger,Antonio",Antonio Álvarez Bürger,,,,,,,,,,,,XXI
"Asturias,Miguel_Ángel",Miguel Ángel Asturias Rosales,1899-10-19,1974-06-09,male,Q75603,11889334n,46756659,n79084755,XX825360,0000 0001 2130 8942,1899-10-19T00:00:00Z,1974-06-09T00:00:00Z,<XXI
"Aza,Vital",Vital Aza Álvarez-Buylla,1851-04-28,1912-12-13,male,Q7936725,14794767z,74116537,n82056737,XX823412,0000 0000 8154 5053,1851-04-28T00:00:00Z,1912-12-13T00:00:00Z,<XXI
"Badilla,Sergio",Sergio Badilla,,,,,,,,,,,,XXI
"Baier,Carlos",Carlos Baier,,,,,,,,,,,,XXI
"Balart_Elgueta,Federico",Federico Balart,1831-01-01,1905-01-01,male,Q8961028,14794767z,56173138,no91003263,XX4660432,0000 0001 1647 9165,1831-01-01T00:00:00Z,1905-01-01T00:00:00Z,<XXI
"Bane,Micky",Micky Bane,,,,,,,,,,,,XXI
"Bañuelos,Juan",Juan Bañuelos,1932-10-06,2017-03-29,male,Q21075883,12733987c,32122754,no90016106,XX976365,0000 0000 5953 7137,1932-10-06T00:00:00Z,2017-03-29T00:00:00Z,<XXI
"Barahona_de_Soto,Luis",Luis Barahona de Soto,1548-01-01,1595-11-05,male,Q4459377,"121731420,11959871s",51697972,n80104886,XX862640,0000 0000 6631 3596,1548-01-01T00:00:00Z,1595-11-05T00:00:00Z,<XXI
"Barba_Jacob,Porfirio",Porfirio Barba Jacob,1883-07-29,1942-01-14,male,Q1744460,12026188t,17237110,n82108014,XX877134,"0000 0000 7971 1411,0000 0003 6847 9866,0000 0003 6847 9890,0000 0003 6847 9858",1883-07-29T00:00:00Z,1942-01-14T00:00:00Z,<XXI
"Barbarito,Carlos",Carlos Barbarito,,,,,,,,,,,,XXI
"Barciela,Miguel",Miguel Barciela,,,,,,,,,,,,XXI
"Barragán,Nelson",Nelson Barragán,,,,,,,,,,,,XXI
"Barrera,Paula",Paula Barrera,,,,,,,,,,,,XXI
"Barrero,Hilario",Hilario Barrero,,,,,,,,,,,,XXI
"Barriga_Morato,Jesús_Ángel",Jesús Ángel Barriga Morato,,,,,,,,,,,,XXI
"Barroso,Daniel",Daniel Barroso,,,,,,,,,,,,XXI
"Barrundia_Sánchez,Mario",Mario Barrundia Sánchez,,,,,,,,,,,,XXI
"Bartha,Gonzalo_José",Gonzalo José Bartha,,,,,,,,,,,,XXI
"Basallote,Francisco",Francisco Basallote,,,,,,,,,,,,XXI
"Basso,Cristián",Cristián Basso,,,,,,,,,,,,XXI
"Becerra,Luz-Dary",Luz-Dary Becerra,,,,,,,,,,,,XXI
Bellatrix,Bellatrix,,,,,,,,,,,,XXI
"Bécquer,Gustavo_Adolfo",Gustavo Adolfo Bécquer,1836-02-17,1870-12-22,male,Q203715,120247640,39390815,n79120750,XX1719659,0000 0001 2128 8136,1836-02-17T00:00:00Z,1870-12-22T00:00:00Z,<XXI
"Bellessi,Diana",Diana Bellessi,1946-02-11,,female,Q521986,124697114,41939559,n85197799,XX1187827,0000 0000 2490 8372,1946-02-11T00:00:00Z,,<XXI
"Bello,Andrés",Andrés Bello,1781-11-29,1865-10-15,male,Q439195,12003052d,22152206,n79137108,XX1719859,0000 0001 1022 4057,1781-11-29T00:00:00Z,1865-10-15T00:00:00Z,<XXI
"Benedetti,Mario",Mario Benedetti,1920-09-14,2009-05-17,male,Q16285,118911780,56585930,n50007687,XX835835,0000 0003 6864 2168,1920-09-14T00:00:00Z,2009-05-17T00:00:00Z,<XXI
"Benítez_Reyes,Felipe",Felipe Benítez Reyes,1960-02-25,,male,Q5858106,12071569g,79055779,n88003645,XX1148129,0000 0001 2282 2409,1960-02-25T00:00:00Z,,<XXI
"Berceo,Gonzalo_de",Gonzalo de Berceo,1197-01-01,1264-01-01,male,Q1156048,"12052627n,12213018s",100176675,"n82105638,n88060759,n79079198",XX943233,0000 0001 1777 1598,1197-01-01T00:00:00Z,1264-01-01T00:00:00Z,<XXI
"Bermúdez,Leticia",Leticia Bermúdez,,,,,,,,,,,,XXI
"Bergamín,José",José Bergamín,1895-12-30,1983-08-28,male,Q332850,11885745f,109502857,n79021818,XX871685,0000 0001 1032 4832,1895-12-30T00:00:00Z,1983-08-28T00:00:00Z,<XXI
"Bernárdez,Mariana",Mariana Bernárdez,,,,,,,,,,,,XXI
"Bernárdez,Francisco_Luis",Francisco Luis Bernárdez,1900-10-05,1978-10-24,male,Q1442088,12020621g,"99799184,91",n95090064,XX1176751,0000 0001 1862 5568,1900-10-05T00:00:00Z,1978-10-24T00:00:00Z,<XXI
"Bersabé,Bernardo",Bernardo Bersabé,,,,,,,,,,,,XXI
"Berro,Adolfo",Adolfo Berro,1819-08-09,1841-09-29,male,Q8189542,12020621g,172924548,no2011110784,XX1511215,0000 0001 1862 5568,1819-08-09T00:00:00Z,1841-09-29T00:00:00Z,<XXI
"Bianchi_González,Eduardo",Eduardo Bianchi González,,,,,,,,,,,,XXI
"Bignes,Rubén",Rubén Bignes,,,,,,,,,,,,XXI
"Biosca,Julio",Julio Biosca,,,,,,,,,,,,XXI
"Blanco,Andrés_Eloy",Andrés Eloy Blanco,1896-08-06,1955-05-21,male,Q4760185,11962778f,54156331,n50026221,XX1724179,0000 0001 0857 5456,1896-08-06T00:00:00Z,1955-05-21T00:00:00Z,<XXI
"Blanco,José_Antonio",José Antonio Blanco,,,,,,,,,,,,XXI
"Blanco_Belmonte,Marcos_Rafael",Marcos Rafael Blanco Belmonte,1871-01-01,1936-11-01,male,Q15831581,121087830,19308920,no99015702,XX915389,0000 0001 0259 8198,1871-01-01T00:00:00Z,1936-11-01T00:00:00Z,<XXI
"Blanco_White,José_María",Joseph Blanco White,1776-07-11,1841-05-20,male,Q3047406,12176186b,"49268120,99753124,298244874","n50058642,no2018001290",XX1720245,"0000 0004 5312 543X,0000 0001 2131 9713",1776-07-11T00:00:00Z,1841-05-20T00:00:00Z,<XXI
"Bloksa_Gordo,Belén_María",Belén María Bloksa Gordo,,,,,,,,,,,,XXI
"Bocaz,Orlando",Orlando Bocaz,,,,,,,,,,,,XXI
"Boer,Miguel_Ángel_De",Miguel Ángel De Boer,,,,,,,,,,,,XXI
"Bolaño,Roberto",Roberto Bolaño,1953-04-28,2003-07-14,male,Q297532,13484215g,41992611,n80139757,XX972303,0000 0001 2129 8844,1953-04-28T00:00:00Z,"2003-07-14T00:00:00Z,2003-07-15T00:00:00Z,2003-07-16T00:00:00Z",<XXI
"Bonifaz_Nuño,Rubén",Rubén Bonifaz Nuño,1923-11-12,2013-01-31,male,Q548257,12058817b,46781570,n80097937,XX4578554,0000 0001 1634 3137,1923-11-12T00:00:00Z,2013-01-31T00:00:00Z,<XXI
"Bonnett,Piedad",Piedad Bonnett,1951-01-01,,female,Q291222,12222555b,119254242,n90668537,XX1375060,0000 0001 0775 1438,1951-01-01T00:00:00Z,,<XXI
"Bonnevie,Marie-Ange",Marie-Ange Bonnevie,,,,,,,,,,,,XXI
"Borao_Llop,Sergio",Sergio Borao Llop,,,,,,,,,,,,XXI
"Borge,Ernesto",Ernesto Borge,,,,,,,,,,,,XXI
"Borges,Jorge_Luis",Jorge Luis Borges,1899-08-24,1986-03-26,male,Q909,11892985q,88919448,n79007035,XX1720293,0000 0001 2142 9031,1899-08-24T00:00:00Z,"1986-03-26T00:00:00Z,1986-06-14T00:00:00Z",<XXI
"Boronat,Rubén_Manuel",Rubén Manuel Boronat,,,,,,,,,,,,XXI
"Boscán,Juan",Juan Boscán Almogáver,1490-01-01,1542-09-21,male,Q375056,12259519s,165164384,n83204767,XX856487,0000 0001 1850 6649,1490-01-01T00:00:00Z,1542-09-21T00:00:00Z,<XXI
"Botella,Harmonie",Harmonie Botella,,,,,,,,,,,,XXI
"Botella,Jorge",Jorge Botella,,,,,,,,,,,,XXI
"Botto,José",José Botto,,,,,,,,,,,,XXI
"Bousoño,Carlos",Carlos Bousoño,1923-05-09,2015-10-24,male,Q3362422,12019330k,22945913,n79006791,XX860634,0000 0001 0878 9358,1923-05-09T00:00:00Z,2015-10-24T00:00:00Z,<XXI
"Bousoño,Jorge",Jorge Bousoño,,,,,,,,,,,,XXI
"Bórquez_Basáez,Andrés",Andrés Bórquez Basáez,,,,,,,,,,,,XXI
"Brando,Alex",Alex Brando,,,,,,,,,,,,XXI
"Brandoni,Miguel_Ángel",Miguel Ángel Brandoni,,,,,,,,,,,,XXI
"Bretón_de_los_Herreros,Manuel",Manuel Bretón de los Herreros,1796-01-01,1873-01-01,male,Q3774440,12176084c,39419651,n82093602,XX863502,0000 0001 0889 6209,1796-01-01T00:00:00Z,1873-01-01T00:00:00Z,<XXI
"Brines,Francisco",Francisco Briñes,1932-01-22,,male,Q3821666,12035455n,115338268,n85221666,XX872062,0000 0000 8183 8665,1932-01-22T00:00:00Z,,<XXI
"Brito,Lorena",Lorena Brito,,,,,,,,,,,,XXI
"Brull,Mariano",Mariano Brull,1891-02-24,1956-06-08,male,Q2090361,12676482n,76437875,n85305100,XX867461,0000 0000 8395 5283,1891-02-24T00:00:00Z,1956-06-08T00:00:00Z,<XXI
"Buesa,José_Ángel",José Ángel Buesa,1910-09-02,1982-08-14,male,Q5396919,177298213,43339155,n86833143,XX1724876,0000 0000 5943 5755,1910-09-02T00:00:00Z,1982-08-14T00:00:00Z,<XXI
"Buezas_de_la_Torre,Ernesto_D.",Ernesto D. Buezas de la Torre,,,,,,,,,,,,XXI
"Burgos,Julia_de",Julia de Burgos,1914-02-17,1953-07-06,female,Q468516,12096751k,14798697,n85176751,XX1034973,0000 0001 1460 1075,1914-02-17T00:00:00Z,1953-07-06T00:00:00Z,<XXI
"Burgos_Cuadrado,José_Luis",José Luis Burgos Cuadrado,,,,,,,,,,,,XXI
"Burgos_S.,José_M.",José M. Burgos S.,,,,,,,,,,,,XXI
"Burriel,Adolfo",Adolfo Burriel,,,,,,,,,,,,XXI
"Cabalgante,Blanca",Blanca Cabalgante,,,,,,,,,,,,XXI
"Caballero,Adelaida",Adelaida Caballero,,,,,,,,,,,,XXI
"Caballero,Juanjo",Juanjo Caballero,,,,,,,,,,,,XXI
"Caballero,Pablo",Pablo Caballero,,,,,,,,,,,,XXI
"Caballero_Bonald,José_Manuel",José Manuel Caballero,1926-11-11,,male,Q3081177,11885859d,76310135,n50032541,XX828667,0000 0001 0916 8481,1926-11-11T00:00:00Z,,<XXI
"Cabral,Manuel_del",Manuel del Cabral,1907-03-07,1999-05-14,male,Q1891789,120206951,100073592,n81081895,XX828667,0000 0001 0928 508X,1907-03-07T00:00:00Z,1999-05-14T00:00:00Z,<XXI
"Cabrera_Sánchez,Pedro",Pedro Cabrera Sánchez,,,,,,,,,,,,XXI
"Cadalso,José",José Cadalso,1741-10-08,1782-02-26,male,Q919098,11885865b,5817,n50051883,XX1719952,0000 0001 0860 7171,1741-10-08T00:00:00Z,1782-02-26T00:00:00Z,<XXI
"Cadenas,Rafael",Rafael Cadenas,1930-04-08,,male,Q366729,135222346,24759642,n81015378,XX1133037,0000 0000 8103 6857,1930-04-08T00:00:00Z,,<XXI
"Calama_Rodríguez,Luis",Luis Calama Rodríguez,,,,,,,,,,,,XXI
"Calatrava,Ferrán_de",Ferrán de Calatrava,,,,,,,,,,,,XXI
"Calderón_de_la_Barca,Pedro",Pedro Calderón de la Barca,1600-01-17,1681-05-25,male,Q170800,11894840z,73850932,n79040086,XX1719649,0000 0001 2281 8039,1600-01-17T00:00:00Z,1681-05-25T00:00:00Z,<XXI
"Calvo,Luis_Raúl",Luis Raúl Calvo,,,,,,,,,,,,XXI
"Camozzi,Maria_Cecilia",Maria Cecilia Camozzi,,,,,,,,,,,,XXI
"Camões,Luís_de",Luís de Camões,1524-12-01,1580-06-10,male,Q590,11894947n,34454091,n79027139,XX919006,0000 0001 2100 5159,"1524-12-01T00:00:00Z,1525-01-01T00:00:00Z",1580-06-10T00:00:00Z,<XXI
"Campoamor,Ramón_de",Ramón de Campoamor,1817-01-01,1901-02-11,male,Q64578,12326528k,2542317,n85006349,XX855697,0000 0001 0862 9186,"1817-01-01T00:00:00Z,1817-09-24T00:00:00Z",1901-02-11T00:00:00Z,<XXI
"Campos,Soledad",Soledad Campos,,,,,,,,,,,,XXI
"Cano_Redondo,Abilio",Abilio Cano Redondo,,,,,,,,,,,,XXI
"Cantón_y_Cantón,Juan_José",Juan José Cantón y Cantón,,,,,,,,,,,,XXI
"Cañizal,Luis",Luis Cañizal,1946-05-27,,male,,12326528k,2542317,n85006349,XX855697,0000 0001 0862 9186,1946-05-27T00:00:00Z,,<XXI
"Capdevila,Arturo",Arturo Capdevila,1889-03-14,1967-12-20,male,Q715163,12173790h,27984136,n84167627,XX1132509,0000 0000 8367 4174,1889-03-14T00:00:00Z,1967-12-20T00:00:00Z,<XXI
"Caraballo,Luis_Gilberto",Luis Gilberto Caraballo,,,,,,,,,,,,XXI
"Carciofetti,Libia_Beatriz",Libia Beatriz Carciofetti,,,,,,,,,,,,XXI
"Cardenal,Ernesto",Ernesto Cardenal,1925-01-20,2020-03-01,male,Q276510,11895138q,110900632,n79058833,XX1720557,0000 0001 0935 1390,1925-01-20T00:00:00Z,2020-03-01T00:00:00Z,<XXI
"Caro,José_Eusebio",José Eusebio Caro,1817-03-05,1853-01-28,male,Q1764156,15552749h,44615987,n83053801,XX934795,0000 0000 6120 6206,1817-03-05T00:00:00Z,1853-01-28T00:00:00Z,<XXI
"Caro,Miguel_Antonio",Miguel Antonio Caro Sánchez,1842-11-11,1909-08-05,male,Q887903,12018728w,36929873,n50032478,XX830205,0000 0001 2128 0820,1842-11-11T00:00:00Z,1909-08-05T00:00:00Z,<XXI
"Caro,Rodrigo",Rodrigo Caro,1573-10-04,1647-08-10,male,Q2056386,120741511,"34645,77507",n85090537,XX966528,0000 0001 0860 9572,1573-10-04T00:00:00Z,1647-08-10T00:00:00Z,<XXI
"Carranza,Eduardo",Eduardo Carranza,1913-07-23,1985-02-13,male,Q3048312,12054497r,27085429,n50058446,XX830990,0000 0000 8076 705X,1913-07-23T00:00:00Z,1985-02-13T00:00:00Z,<XXI
"Carrera_Andrade,Jorge",Jorge Carrera Andrade,1903-09-18,1978-11-07,male,Q1703787,120206177,44870683,n50040358,XX996287,0000 0001 0893 9918,1903-09-18T00:00:00Z,1978-11-07T00:00:00Z,<XXI
"Carriedo,Gabino-Alejandro",Gabino-Alejandro Carriedo,1923-01-01,1981-01-01,male,Q8963270,121749297,28259389,n92021848,XX857617,0000 0000 7827 335X,1923-01-01T00:00:00Z,1981-01-01T00:00:00Z,<XXI
"Carriego,Evaristo",Evaristo Carriego,1883-05-07,1912-10-13,male,Q188798,120386041,22159020,n83071168,XX877926,0000 0000 8100 656X,1883-05-07T00:00:00Z,1912-10-13T00:00:00Z,<XXI
"Carvajal,Darío_P.",Darío P. Carvajal,,,,,,,,,,,,XXI
"Carvajal,Mario",Mario Carvajal Borrero,1896-10-07,1972-04-20,male,Q26970955,120243866,9860637,n83071168,XX877926,0000 0000 8100 656X,1896-10-07T00:00:00Z,1972-04-20T00:00:00Z,<XXI
"Casal,Julián_del",Julián del Casal,1863-11-07,1893-10-21,male,Q1234066,135181496,24758421,n83051229,XX1033123,0000 0001 2099 9577,1863-11-07T00:00:00Z,1893-10-21T00:00:00Z,<XXI
"Caseiro,María_Eugenia",María Eugenia Caseiro,,,,,,,,,,,,XXI
"Castañeda,Jorge",Jorge Castañeda,,,,,,,,,,,,XXI
"Castañeda_Aragón,Gregorio",Gregorio Castañeda Aragón,1884-02-21,1960-08-11,male,Q26970953,135181496,6963628,no93013721,XX1033123,0000 0000 5227 9243,1884-02-21T00:00:00Z,1960-08-11T00:00:00Z,<XXI
"Castañeyra_Medina,Manuel",Manuel Castañeyra Medina,,,,,,,,,,,,XXI
"Castaño,Catalina",Catalina Castaño,,,,,,,,,,,,XXI
"Castellanos,Rosario",Rosario Castellanos,1925-05-25,1974-08-07,female,Q260862,12079684k,97344364,n81099007,XX880244,0000 0001 1031 5362,1925-05-25T00:00:00Z,1974-08-07T00:00:00Z,<XXI
"Castello,Cristina",Cristina Castello,,,,,,,,,,,,XXI
"Castillejo,Cristóbal_de",Cristóbal de Castillejo,1491-01-01,1556-06-12,male,Q764727,12079684k,"283085453,1",n86813620,XX1142030,0000 0001 1821 8946,1491-01-01T00:00:00Z,1556-06-12T00:00:00Z,<XXI
"Castillejos_Ambrocio,José_L.",José L. Castillejos Ambrocio,,,,,,,,,,,,XXI
"Castillo,Eduardo",Eduardo Castillo,1889-01-01,1938-06-21,male,Q5819087,12059938t,68950488,n87143948,XX1276737,0000 0000 5939 2791,1889-01-01T00:00:00Z,1938-06-21T00:00:00Z,<XXI
"Castillo_Fan,Jorge",Jorge Castillo Fan,,,,,,,,,,,,XXI
"Castro,Rosalía_de",Rosalía de Castro,1837-02-24,1885-07-15,female,Q464264,120604552,51711491,n79021724,XX881851,0000 0000 8129 8427,1837-02-24T00:00:00Z,1885-07-15T00:00:00Z,<XXI
"Castro_García,Julio",Julio Castro García,,,,,,,,,,,,XXI
"Cárdenas,Humberto",Humberto Cárdenas,,,,,,,,,,,,XXI
"Cárdenas_Saldivia,José_Luis",José Luis Cárdenas Saldivia,,,,,,,,,,,,XXI
"Cela,Camilo_José",Camilo José Cela,1916-05-11,2002-01-17,male,Q132589,11895715q,14767431,n79058799,XX829232,0000 0001 2121 3855,1916-05-11T00:00:00Z,2002-01-17T00:00:00Z,<XXI
"Celaya,Gabriel",Gabriel Celaya,1911-03-18,1991-04-18,male,Q522641,11984589f,79038967,n79033057,XX828313,0000 0001 0918 6532,1911-03-18T00:00:00Z,1991-04-18T00:00:00Z,<XXI
"Cenamor,Francisco",Francisco Cenamor,,,,,,,,,,,,XXI
"Cera_Jr,Miguel_A.",Miguel A. Cera Jr,,,,,,,,,,,,XXI
"Cernuda,Luis",Luis Cernuda,1902-09-21,1963-11-05,male,Q439578,11895767z,44296556,n79059641,XX835080,0000 0001 0892 5903,1902-09-21T00:00:00Z,1963-11-05T00:00:00Z,<XXI
"Cervantes,Miguel_de",Miguel de Cervantes,1547-09-29,1616-04-22,male,Q5682,118957747,17220427,n79100233,XX1718747,0000 0001 2122 1919,1547-09-29T00:00:00Z,1616-04-22T00:00:00Z,<XXI
"Cetina,Gutierre_de",Gutierre de Cetina,1520-01-01,1554-01-01,male,Q2708001,118957747,84488888,n80028397,"XX1037609,XX5432114",0000 0000 7978 5509,1520-01-01T00:00:00Z,1554-01-01T00:00:00Z,<XXI
"Champourcín,Ernestina_de",Ernestina de Champourcín,1905-07-10,1999-03-27,female,Q3754414,12271280h,12367718,n80051594,XX848026,0000 0001 1038 5416,1905-07-10T00:00:00Z,1999-03-27T00:00:00Z,<XXI
"Chicaiza,Murialdo",Murialdo Chicaiza,,,,,,,,,,,,XXI
"Chocano,José_Santos",José Santos Chocano,1875-05-14,1934-12-13,male,Q930961,12539444t,71504072,n84094820,XX887863,0000 0000 8151 3991,1875-05-14T00:00:00Z,1934-12-13T00:00:00Z,<XXI
"Chosed,Andrés_Sergio",Andrés Sergio Chosed,,,,,,,,,,,,XXI
"Chumacero,Alí",Alí Chumacero,1917-07-09,2010-10-22,male,Q2749630,"131949393,1",79063853,nr88006036,XX1303977,0000 0001 1449 0942,1917-07-09T00:00:00Z,2010-10-22T00:00:00Z,<XXI
"Chwesiuk,Luis",Luis Chwesiuk,,,,,,,,,,,,XXI
"Cifuentes,Manuel",Manuel Cifuentes,,,,,,,,,,,,XXI
"Cisneros_Flores,Marcela",Marcela Cisneros Flores,,,,,,,,,,,,XXI
"Cisneros_Rivera,Hugo_Oswaldo",Hugo Oswaldo Cisneros Rivera,,,,,,,,,,,,XXI
"Cociña,Carlos",Carlos Cociña,,,,,,,,,,,,XXI
"Colinas,Antonio",Antonio Colinas,1946-01-30,,male,Q322428,12018745g,68941503,n85152870,XX1720537,0000 0000 8148 1352,1946-01-30T00:00:00Z,,<XXI
"Conde,Carmen",Carmen Conde Abellán,1907-08-15,1996-01-08,female,Q616019,120020912,114239041,n79144877,XX4936301,0000 0001 1699 882X,1907-08-15T00:00:00Z,1996-01-08T00:00:00Z,<XXI
"Contreras,Ernestto",Ernestto Contreras,,,,,,,,,,,,XXI
"Corbacho,Óscar",Óscar Corbacho,,,,,,,,,,,,XXI
"Corcoba,Víctor",Víctor Corcoba,,,,,,,,,,,,XXI
"Cordero_Viera,Shirley_G.",Shirley G. Cordero Viera,,,,,,,,,,,,XXI
"Coronado,Carolina",Carolina Coronado,1820-12-20,1911-01-15,female,Q941605,12923638g,5738205,n89645562,XX908054,0000 0001 1589 3372,"1820-12-20T00:00:00Z,1820-12-12T00:00:00Z",1911-01-15T00:00:00Z,<XXI
"Coronel_Urtecho,José",José Coronel Hurtecho,1906-02-28,1994-03-19,male,Q6291954,121519142,56647718,n82246699,XX846111,0000 0001 2026 3105,1906-02-28T00:00:00Z,1994-03-19T00:00:00Z,<XXI
"Corral,Ezequiel_del",Ezequiel del Corral,,,,,,,,,,,,XXI
"Corredor_Cuervo,Héctor_José",Héctor José Corredor Cuervo,,,,,,,,,,,,XXI
"Crémer,Victoriano",Victoriano Crémer,1906-12-18,2009-06-27,male,Q443362,121749324,61588636,n82073818,XX1720695,0000 0000 8700 8080,1906-12-18T00:00:00Z,2009-06-27T00:00:00Z,<XXI
"Crespo,Ángel",Ángel Crespo,1926-07-18,1995-12-12,male,Q1026826,12024480d,73866543,n80094238,XX887132,0000 0001 0915 2025,1926-07-18T00:00:00Z,1995-12-12T00:00:00Z,<XXI
"Cristóbal,Juan",Juan Cristóbal,,,,,,,,,,,,XXI
"Croché_de_Acuña,Francisco",Francisco Croché de Acuña,,,,,,,,,,,,XXI
"Cruchaga,André",André Cruchaga,,,,,,,,,,,,XXI
"Cruz,David",David Cruz,,,,,,,,,,,,XXI
"Cruz,Juana_Inés_de_la",Juana Inés de la Cruz,1651-11-12,1695-04-17,female,Q183074,118866500,88633360,n80021650,XX1082687,0000 0001 2102 9265,1651-11-12T00:00:00Z,1695-04-17T00:00:00Z,<XXI
"Cruz,Lucas",Lucas Cruz,,,,,,,,,,,,XXI
"Cruz_B.,Diego",Diego Cruz B.,,,,,,,,,,,,XXI
"Cuenca,Luis_Alberto_de",Luis Alberto de Cuenca,1950-12-29,,male,Q4250379,12108604k,114982630,n79069938,XX841637,0000 0001 0937 9983,1950-12-29T00:00:00Z,,<XXI
"Cuya,Fernando",Fernando Cuya,,,,,,,,,,,,XXI
"D'Urgell_y_Rubió,Jaume",Jaume D'Urgell y Rubió,01/01/1992,,female,,169960434,310682473,n2014072399,XX5417948,0000 0004 3697 0172,1992-01-01T00:00:00Z,,XXI
"Dalton_García,Roque",Roque Dalton Garcia,1935-05-14,1975-05-10,male,Q539461,11898502j,112669778,n81139180,XX948737,0000 0001 0936 6955,1935-05-14T00:00:00Z,1975-05-10T00:00:00Z,<XXI
"Darío,Rubén",Rubén Darío,1867-01-18,1916-02-06,male,Q173767,11990609g,7399994,n79079172,XX896547,"0000 0003 6863 7123,0000 0001 2119 288X",1867-01-18T00:00:00Z,1916-02-06T00:00:00Z,<XXI
"Daza,Rafael",Rafael Daza,,,,,,,,,,,,XXI
"Dávila_Torres,Óscar_D.",Óscar D. Dávila Torres,,,,,,,,,,,,XXI
"Debravo,Jorge",Jorge Debravo,1938-01-31,1967-08-04,male,Q3183813,12226764t,66518289,n80162742,XX1564831,0000 0000 2551 6127,1938-01-31T00:00:00Z,1967-08-04T00:00:00Z,<XXI
"Dedi,Rafael",Rafael Dedi,,,,,,,,,,,,XXI
"Deganis,Luis",Luis Deganis,,,,,,,,,,,,XXI
"Del,Yolanda",Yolanda Del,,,,,,,,,,,,XXI
"Delfino,Ezequiel",Ezequiel Delfino,,,,,,,,,,,,XXI
"Delmar,Meira",Meira Delmar,1922-04-21,2009-03-18,female,Q3254529,14571383m,45860367,n88178908,XX1564831,0000 0001 0894 9032,1922-04-21T00:00:00Z,2009-03-18T00:00:00Z,<XXI
"Deschamps,Horacio",Horacio Deschamps,,,,,,,,,,,,XXI
"Diaz-Pinto_Montoro,Samuel",Samuel Diaz-Pinto Montoro,,,,,,,,,,,,XXI
"Díaz_Mirón,Salvador",Salvador Díaz Mirón,1853-12-14,1928-06-12,male,Q3775886,119908107,4939372,n87804337,XX1564831,0000 0000 6303 2932,1853-12-14T00:00:00Z,1928-06-12T00:00:00Z,<XXI
"Diego,Eliseo",Eliseo Diego,1923-07-02,1994-03-01,male,Q3391796,120545940,66486655,n79058829,XX849669,0000 0001 1068 220X,1923-07-02T00:00:00Z,1994-03-01T00:00:00Z,<XXI
"Diego_Villarrubia,Jonás",Jonás Diego Villarrubia,,,,,,,,,,,,XXI
"Díaz,Eva_T.",Eva T. Díaz,,,,,,,,,,,,XXI
"Díaz,Livia",Livia Díaz,,,,,,,,,,,,XXI
"Díaz,Nelson",Nelson Díaz,,,,,,,,,,,,XXI
"Díaz_Cuadrado,Tomás",Tomás Díaz Cuadrado,,,,,,,,,,,,XXI
"Díaz_González,Carlos",Carlos Díaz González,,,,,,,,,,,,XXI
"Díaz_Macker,Freddy",Freddy Díaz Macker,,,,,,,,,,,,XXI
"Díaz_Margarit,Carmen",Carmen Díaz Margarit,,,,,,,,,,,,XXI
"Diego,Gerardo",Gerardo Diego,1896-10-03,1987-07-08,male,Q382815,120206204,109725237,n78095652,XX849974,0000 0001 2147 4828,1896-10-03T00:00:00Z,1987-07-08T00:00:00Z,<XXI
"Dobleazur,J._López",J. López Dobleazur,,,,,,,,,,,,XXI
"Domenchina,Juan_José",Juan José Domenchina,1898-05-18,1959-10-27,male,Q5950214,165898555,38233659,n81035562,XX904038,"0000 0003 6851 5599,0000 0000 8373 6996",1898-05-18T00:00:00Z,1959-10-27T00:00:00Z,<XXI
"Domene,Francisco",Francisco Domene,,,,,,,,,,,,XXI
"Domingues,André",André Domingues,,,,,,,,,,,,XXI
"Domínguez_Romero,Fco.",Fco. Domínguez Romero,,,,,,,,,,,,XXI
"Domínguez_Zamora,Julio",Julio Domínguez Zamora,,,,,,,,,,,,XXI
"Dubón,María",María Dubón,,,,,,,,,,,,XXI
"Durán_León,Juan_José",Juan José Durán León,,,,,,,,,,,,XXI
"Dzunum,William_H._González_C.",William H. González C. Dzunum,,,,,,,,,,,,XXI
"Eguren,José_María",José María Eguren,1874-07-08,1942-04-19,male,Q8713392,12315403h,28317735,n50036060,XX1096754,0000 0000 8107 6576,1874-07-08T00:00:00Z,1942-04-19T00:00:00Z,<XXI
"Elgarresta,José",José Elgarresta,,,,,,,,,,,,XXI
"Encina,Juan_del",Juan del Encina,1468-07-12,1529-01-01,male,Q1191258,138936633,160940015,n79043189,XX917772,0000 0001 0901 153X,1468-07-12T00:00:00Z,1529-01-01T00:00:00Z,<XXI
Enmanuel,Enmanuel,,,,,,,,,,,,XXI
Ermantis,Ermantis,,,,,,,,,,,,XXI
"Escobar,Julio",Julio Escobar,,,,,,,,,,,,XXI
"Escobar_Galindo,David",David Escobar,1943-10-04,,male,Q5798074,121092292,2502040,n80008020,XX1097684,0000 0000 8081 7395,1943-10-04T00:00:00Z,,<XXI
"Escolar_López,José_Santiago",José Santiago Escolar López,,,,,,,,,,,,XXI
"Escudero,Gonzalo",Gonzalo Escudero,1903-09-28,1971-12-10,male,Q15926046,12068916g,73875876,n85000847,XX1098116,0000 0000 5927 2263,1903-09-28T00:00:00Z,1971-12-10T00:00:00Z,<XXI
"Esparza_Oteo,Teresa",Teresa Esparza Oteo,,,,,,,,,,,,XXI
"Espejo,José_Daniel",José Daniel Espejo,,,,,,,,,,,,XXI
"Espinoza_Caballero,Fdo._J.",Fdo. J. Espinoza Caballero,,,,,,,,,,,,XXI
"Espinoza_Neyra,R._Arturo",R. Arturo Espinoza Neyra,,,,,,,,,,,,XXI
"Espinoza_Ríos,Eugenio_Elías",Eugenio Elías Espinoza Ríos,,,,,,,,,,,,XXI
"Espronceda,José_de",José de Espronceda,1808-03-25,1842-05-23,male,Q209077,119964128,20632,n80107188,XX832205,0000 0001 0860 8270,1808-03-25T00:00:00Z,1842-05-23T00:00:00Z,<XXI
"Etxeba,Carlos",Carlos Etxeba,,,,,,,,,,,,XXI
"Feijoo,Marcos",Marcos Feijoo,,,,,,,,,,,,XXI
"Feiling,C.E.",C.E. Feiling,,,,,,,,,,,,XXI
"Felipe,León",León Felipe,1884-04-11,1968-09-18,male,Q2076131,11986402r,66475795,n79097487,XX956123,0000 0001 0910 2300,1884-04-11T00:00:00Z,1968-09-18T00:00:00Z,<XXI
"Fercey,Cristina_De",Cristina De Fercey,,,,,,,,,,,,XXI
"Fernández,Jaime",Jaime Fernández,,,,,,,,,,,,XXI
"Fernández,Macedonio",Macedonio Fernández,1874-06-01,1952-02-10,male,Q1334326,12124684h,7423470,n50002746,XX875892,0000 0001 2276 0965,1874-06-01T00:00:00Z,1952-02-10T00:00:00Z,<XXI
"Fernández_Bustos,Gerardo",Gerardo Fernández Bustos,,,,,,,,,,,,XXI
"Fernández_Cabañeros,Emilio",Emilio Fernández Cabañeros,,,,,,,,,,,,XXI
"Fernández_de_Moratín,Leandro",Leandro Fernández de Moratín,1760-03-10,1828-06-21,male,Q351132,12005532n,46771039,n79064916,XX894897,0000 0001 0895 5504,1760-03-10T00:00:00Z,1828-06-21T00:00:00Z,<XXI
"Fernández_de_Moratín,Nicolás",Nicolás Fernández de Moratín,1737-07-20,1780-05-11,male,Q2655029,146150187,24853607,n79063574,XX1026439,0000 0001 0880 3500,1737-07-20T00:00:00Z,1780-05-11T00:00:00Z,<XXI
"Fernández_Rivera,David",David Fernández Rivera,,,,,,,,,,,,XXI
"Fernández_Rollán,César",César Fernández Rollán,,,,,,,,,,,,XXI
"Fernández_Moreno,Baldomero",Baldomero Fernandez Moreno,1886-09-15,1950-06-07,male,Q804798,"121262679,11990475q",79039315,n89666464,XX1095309,0000 0001 1328 6798,1886-09-15T00:00:00Z,1950-06-07T00:00:00Z,<XXI
"Fernández_Retamar,Roberto",Roberto Fernández Retamar,1930-06-09,2019-07-20,male,Q1067549,11902582w,41839945,n50002748,XX1097887,0000 0001 0890 9399,1930-06-09T00:00:00Z,2019-07-20T00:00:00Z,<XXI
"Ferreira_Khalil,Abraham",Abraham Ferreira Khalil,,,,,,,,,,,,XXI
"Figueroa,Francisco_de",Francisco de Figueroa,1530-01-01,1588-01-01,male,Q3081965,11902582w,90633703,n50002748,XX1097887,0000 0000 6554 6152,1530-01-01T00:00:00Z,1588-01-01T00:00:00Z,<XXI
"Flores,Manuel_María",Manuel María Flores,1840-01-01,1885-01-01,male,Q5993679,11902582w,23703570,n88225845,XX1271468,0000 0000 3065 7178,1840-01-01T00:00:00Z,1885-01-01T00:00:00Z,<XXI
"Flórez,Julio",Julio Flórez,1863-05-22,1923-02-07,male,Q3189810,11902582w,42640747,n88138355,XX1271553,0000 0000 5622 3669,1863-05-22T00:00:00Z,1923-02-07T00:00:00Z,<XXI
"Florián,Miguel",Florian Miguel,1996-09-01,,male,Q23894624,11902582w,42640747,n88138355,XX1271553,0000 0000 5622 3669,1996-09-01T00:00:00Z,,<XXI
"Florit,Eugenio",Eugenio Florit,1903-10-15,1999-06-22,male,Q20789749,12887482f,97818018,n80153826,XX877040,0000 0001 1031 5610,1903-10-15T00:00:00Z,1999-06-22T00:00:00Z,<XXI
"Fontecha,Ángel_Dowel",Ángel Dowel Fontecha,,,,,,,,,,,,XXI
"Forner,Juan_Pablo",Juan Bautista Pablo Forner,1756-02-17,1797-03-16,male,Q6298996,11903142s,61545818,n50025341,XX1006066,0000 0001 1027 8506,1756-02-17T00:00:00Z,1797-03-16T00:00:00Z,<XXI
"Fragoso_García,Joshua_A.",Joshua A. Fragoso García,,,,,,,,,,,,XXI
"Franco,Biviana",Biviana Franco,,,,,,,,,,,,XXI
"Freyre,Silvana",Silvana Freyre,,,,,,,,,,,,XXI
"Frómeta,César",César Frómeta,,,,,,,,,,,,XXI
"Fuertes,Gloria",Gloria Fuertes,1917-07-28,1998-11-27,female,Q3323486,12567452k,73969667,n80067302,XX917078,0000 0001 1672 3260,1917-07-28T00:00:00Z,1998-11-27T00:00:00Z,<XXI
"Gabriel_y_Galán,José_María",José María Gabriel y Galán,1870-06-28,1905-01-06,male,Q2472454,12045972t,32014917,n82161803,XX1161916,0000 0000 8342 6840,1870-06-28T00:00:00Z,1905-01-06T00:00:00Z,<XXI
"Gaitán_Durán,Jorge",Jorge Gaitán Durán,1924-02-12,1962-06-21,male,Q9012800,12343920m,10681097,n84015043,XX1048745,0000 0000 7822 1402,1924-02-12T00:00:00Z,1962-06-21T00:00:00Z,<XXI
"Gala,Antonio",Antonio Gala,1930-10-02,,male,Q3750903,11990669b,120351374,n79144864,XX876471,0000 0001 2149 0668,1930-10-02T00:00:00Z,,<XXI
"Galeano,Eduardo",Eduardo Galeano,1940-09-03,2015-04-13,male,Q44575,11903917s,108462641,n79056069,XX877765,0000 0001 2283 9606,1940-09-03T00:00:00Z,2015-04-13T00:00:00Z,<XXI
"Gallardo,Francisco_J.",Francisco J. Gallardo,,,,,,,,,,,,XXI
"Gallego,Juan_Nicasio",Juan Nicasio Gallego,1777-12-14,1853-01-09,male,Q720492,127336866,818521,nr95017010,XX1161175,0000 0000 6126 4078,1777-12-14T00:00:00Z,1853-01-09T00:00:00Z,<XXI
"Gallego,Vicente",Vicente Gallego,1963-01-01,,male,Q944163,12200499s,17270137,n89643814,XX837619,0000 0001 0874 7369,1963-01-01T00:00:00Z,,<XXI
"Galliano,Gustavo_Marcelo",Gustavo Marcelo Galliano,,,,,,,,,,,,XXI
"Gamoneda,Antonio",Antonio Gamoneda,1931-05-30,,male,Q602119,12174933g,65180521,n88209090,XX919213,0000 0001 2096 2918,1931-05-30T00:00:00Z,,<XXI
"García,Ignacio",Ignacio García,,,,,,,,,,,,XXI
"García,Marian",Marian García,,,,,,,,,,,,XXI
"García_Aleixandre,Fernando",Fernando García Aleixandre,,,,,,,,,,,,XXI
"García_Cabrera,Pedro",Pedro García Cabrera,1905-08-19,1981-03-20,male,Q7159599,121902648,36962978,n82077879,XX1087408,0000 0000 6301 9973,1905-08-19T00:00:00Z,1981-03-20T00:00:00Z,<XXI
"García_Fernández,José_Ángel",José Ángel García Fernández,,,,,,,,,,,,XXI
"García_Florindo,Daniel",Daniel García Florindo,,,,,,,,,,,,XXI
"García_Hernanz,Norberto",Norberto García Hernanz,,,,,,,,,,,,XXI
"García_Herrera,José_Luis",José Luis García Herrera,,,,,,,,,,,,XXI
"García_Herrero,Luciano",Luciano García Herrero,,,,,,,,,,,,XXI
"García_de_la_Huerta,Vicente",Vicente Antonio García de la Huerta,1734-03-09,1787-03-12,male,Q251560,11997236z,51698945,n83011369,XX983185,0000 0001 0900 2561,1734-03-09T00:00:00Z,1787-03-12T00:00:00Z,<XXI
"García_Mauri,José_Mª",José Mª García Mauri,,,,,,,,,,,,XXI
"García_Lorca,Federico",Federico García Lorca,1898-06-05,1936-08-18,male,Q41408,11904091z,34456883,n79034425,XX841898,0000 0001 2278 1811,1898-06-05T00:00:00Z,1936-08-18T00:00:00Z,<XXI
"García_Montero,Luis",Luis García Montero,1958-12-04,,male,Q724068,12068165g,49247928,n85017438,XX934748,0000 0000 8127 3262,1958-12-04T00:00:00Z,,<XXI
"García_Pérez,José_Antonio",José Antonio García Pérez,,,,,,,,,,,,XXI
"García_Rodríguez,Purificación",Purificación García Rodríguez,,,,,,,,,,,,XXI
"García_Nieto,José",José García Nieto,1914-07-06,2001-02-27,male,Q921366,11987963k,71400048,n50083224,XX936183,0000 0001 1668 4820,1914-07-06T00:00:00Z,2001-02-27T00:00:00Z,<XXI
"García_Vargas,Antonio",Antonio García Vargas,,,,,,,,,,,,XXI
"García_de_Amézaga,Luis_M.",Luis M. García de Amézaga,,,,,,,,,,,,XXI
"García_Tassara,Gabriel",Gabriel García Tassara,1817-07-19,1875-02-14,male,Q5665584,11987963k,53997117,nr90010158,XX1125066,0000 0000 5931 5825,1817-07-19T00:00:00Z,1875-02-14T00:00:00Z,<XXI
"Garés,José",José Garés,,,,,,,,,,,,XXI
"Garrido,Dolores",Dolores Garrido,,,,,,,,,,,,XXI
"Garza,Humberto_C.",Humberto C. Garza,,,,,,,,,,,,XXI
"Gautier_Benítez,José",José Gautier Benítez,1851-04-12,1880-01-24,male,Q3344883,12175313f,48348151,n88653932,XX1125066,0000 0000 4128 7416,1851-04-12T00:00:00Z,1880-01-24T00:00:00Z,<XXI
"Gelices,Yolanda",Yolanda Gelices,,,,,,,,,,,,XXI
"Gelman,Juan",Juan Gelman,1930-05-03,2014-01-14,male,Q519851,11904535v,9846589,n84144283,XX920540,0000 0001 2120 0894,1930-05-03T00:00:00Z,2014-01-14T00:00:00Z,<XXI
"Gerbasi,Vicente",Vicente Gerbasi,1913-06-02,1992-12-28,male,Q373024,12020594d,97841773,n81033757,XX1173856,0000 0000 8168 9196,1913-06-02T00:00:00Z,1992-12-28T00:00:00Z,<XXI
"Gil_de_Biedma,Jaime",Jaime Gil de Biedma,1929-11-13,1990-01-08,male,Q978013,11998064w,46770462,n80086743,XX922494,0000 0001 1471 9049,1929-11-13T00:00:00Z,1990-01-08T00:00:00Z,<XXI
"Gil_Segura,F._Javier",F. Javier Gil Segura,,,,,,,,,,,,XXI
"Gil_Polo,Gaspar",Gaspar Gil Polo,1530-01-01,1591-01-01,male,Q532021,11998064w,34771,n86112309,XX932442,0000 0001 2019 4816,"1530-01-01T00:00:00Z,1540-01-01T00:00:00Z",1591-01-01T00:00:00Z,<XXI
"Gil_y_Carrasco,Enrique",Enrique Gil y Carrasco,1815-07-15,1846-02-22,male,Q1344012,12060470z,27087132,n86136564,XX922371,0000 0000 8366 4603,1815-07-15T00:00:00Z,1846-02-22T00:00:00Z,<XXI
"Giménez_Reillo,Blanca",Blanca Giménez Reillo,,,,,,,,,,,,XXI
"Girondo,Oliverio",Oliverio Girondo,1891-08-17,1967-01-24,male,Q1728777,12013424g,76327294,n82232184,XX908861,0000 0000 8155 9906,1891-08-17T00:00:00Z,1967-01-24T00:00:00Z,<XXI
"Girri,Alberto",Alberto Girri,1919-11-27,1991-11-16,male,Q459480,12013425t,32007181,n50029923,XX1095025,0000 0000 6636 4422,1919-11-27T00:00:00Z,1991-11-16T00:00:00Z,<XXI
"González,Adolfo",Adolfo González,,,,,,,,,,,,XXI
"González,Álvaro_Joaquín",Álvaro Joaquín González,,,,,,,,,,,,XXI
"Gómez_Avellaneda,Gertrudis",Gertrudis Gómez de Avellaneda,1814-12-11,1873-02-01,female,Q283353,12018818v,76328537,n50046887,XX994140,0000 0001 0916 9855,"1814-12-11T00:00:00Z,1814-03-23T00:00:00Z",1873-02-01T00:00:00Z,<XXI
"González,Borja",Borja González,,,,,,,,,,,,XXI
"González,David",David González,,,,,,,,,,,,XXI
"Gómez_Restrepo,Antonio",Antonio Gómez Restrepo,1869-01-13,1947-11-06,male,Q2850236,12408281f,76403524,nr90009538,XX1247332,0000 0001 1029 7678,1869-01-13T00:00:00Z,1947-11-06T00:00:00Z,<XXI
"González_Agüero,Raúl_O.",Raúl O. González Agüero,,,,,,,,,,,,XXI
"González_Ambou,Ramón",Ramón González Ambou,,,,,,,,,,,,XXI
"González_Anido,Juan_Carlos",Juan Carlos González Anido,,,,,,,,,,,,XXI
"González_Burgos,Manuel",Manuel González Burgos,,,,,,,,,,,,XXI
"Góngora,Luis_de",Luis de Góngora,1561-07-11,1627-03-23,male,Q219744,11905368h,12309145,n78095651,XX834497,0000 0001 2099 1225,1561-07-11T00:00:00Z,"1627-03-23T00:00:00Z,1627-05-25T00:00:00Z,1627-05-23T00:00:00Z",<XXI
"González_Cano,Cándida",Cándida González Cano,,,,,,,,,,,,XXI
"González,Ángel",Ángel González Muñiz,1925-09-03,2008-01-12,male,Q715118,"12102074n,12022449s",84475449,n80010217,"XX4578713,XX1043066","0000 0000 8078 3148,0000 0004 4909 0211",1925-09-03T00:00:00Z,2008-01-12T00:00:00Z,<XXI
"González_Medina,Óscar_Fco.",Óscar Fco. González Medina,,,,,,,,,,,,XXI
"González_Sanz,Alba",Alba González Sanz,,,,,,,,,,,,XXI
"González_Camargo,Joaquín",Joaquín González Camargo,1865-01-15,1886-01-01,male,Q26970947,11905368h,12309145,n78095651,XX834497,0000 0001 2099 1225,1865-01-15T00:00:00Z,1886-01-01T00:00:00Z,<XXI
"González_Martínez,Enrique",Enrique González Martínez,1871-04-13,1952-02-19,male,Q43258,119906847,79039358,n82080155,XX4579684,0000 0001 0918 6575,1871-04-13T00:00:00Z,1952-02-19T00:00:00Z,<XXI
"Gómez,Jorge",Jorge Gómez,,,,,,,,,,,,XXI
"González-Haba,José_Antonio",José Antonio González-Haba,1948-05-27,2009-05-27,male,,11905368h,12309145,n78095651,XX834497,0000 0001 2099 1225,1948-05-27T00:00:00Z,2009-05-27T00:00:00Z,<XXI
"Gómez_Bas,Joaquín",Joaquín Gómez Bas,,,,,,,,,,,,XXI
"Gómez_García,Elías_F.",Elías F. Gómez García,,,,,,,,,,,,XXI
"Gómez_Oteros,Mª_Teresa",Mª Teresa Gómez Oteros,,,,,,,,,,,,XXI
"Gómez_Pescador,Felipe_E.",Felipe E. Gómez Pescador,,,,,,,,,,,,XXI
"Gorostiza,José",José Gorostiza,1901-11-10,1973-03-16,male,Q695854,120206266,115672332,n84077934,XX956166,0000 0001 0938 3181,1901-11-10T00:00:00Z,1973-03-16T00:00:00Z,<XXI
"Goytisolo,José_Agustín",José Agustín Goytisolo,1928-04-13,1999-03-20,male,Q1708911,12027147g,117022600,n85278034,XX948281,0000 0001 0938 7895,1928-04-13T00:00:00Z,1999-03-20T00:00:00Z,<XXI
"Gregori,Diego_Alberto_De",Diego Alberto De Gregori,,,,,,,,,,,,XXI
"Greiff,León_de",León de Greiff,1895-07-22,1976-07-11,male,Q2494262,12305777p,115149910,n50032296,XX871283,0000 0001 1798 3611,1895-07-22T00:00:00Z,1976-07-11T00:00:00Z,<XXI
"Grueso,El_Graso",El Graso Grueso,,,,,,,,,,,,XXI
"Guerra,Edward",Edward Guerra,,,,,,,,,,,,XXI
Guido,Guido,,,,,,,,,,,,XXI
"Guillén,Jorge",Jorge Guillén,1893-01-18,1984-02-06,male,Q59837,11906407t,91629318,n85092317,XX957184,0000 0001 0924 2768,1893-01-18T00:00:00Z,"1984-02-06T00:00:00Z,1984-02-02T00:00:00Z",<XXI
"Guillén,Nicolás",Nicolás Guillén,1902-07-10,1989-07-16,male,Q334118,119064085,29534974,n50018817,XX957266,0000 0001 2125 8009,1902-07-10T00:00:00Z,1989-07-16T00:00:00Z,<XXI
"Gutiérrez_Albelo,Emeterio",Emeterio Gutiérrez Albelo,1905-08-20,1969-08-06,male,Q5371041,16768343g,25411200,n93093665,XX1722805,0000 0000 6301 7548,1905-08-20T00:00:00Z,1969-08-06T00:00:00Z,<XXI
"Gutiérrez_González,Gregorio",Gregorio Gutiérrez González,1826-05-09,1872-07-06,male,Q3116328,16768343g,70044715,no97022817,XX1722805,0000 0000 8258 760X,1826-05-09T00:00:00Z,1872-07-06T00:00:00Z,<XXI
"Gutiérrez_Lasarte,Pablo",Pablo Gutiérrez Lasarte,,,,,,,,,,,,XXI
"Gutiérrez_Martínez,Yolanda",Yolanda Gutiérrez Martínez,,,,,,,,,,,,XXI
"Gutiérrez_Nájera,Manuel",Manuel Gutiérrez Nájera,1859-12-22,1895-02-03,male,Q2637654,12104803t,27095815,n79144723,XX961335,0000 0000 8105 4932,1859-12-22T00:00:00Z,1895-02-03T00:00:00Z,<XXI
"Gutiérrez_Zamora,Ana_Lucía",Ana Lucía Gutiérrez Zamora,,,,,,,,,,,,XXI
"Guzmán_Cruchaga,Juan",Juan Guzmán Cruchaga,,,,,,,,,,,,XXI
"Hahn,Óscar",Óscar Hahn,1938-07-05,,male,Q293375,12217043z,44348500,n81038955,XX888429,0000 0000 8223 9920,1938-07-05T00:00:00Z,,<XXI
"Hartzenbusch,Juan_Eugenio",Juan Eugenio Hartzenbusch,1806-09-06,1880-08-02,male,Q1377747,121749355,71432575,n80103896,XX964818,0000 0001 1029 1532,1806-09-06T00:00:00Z,1880-08-02T00:00:00Z,<XXI
"Henríquez_Ureña,Pedro",Pedro Henríquez Ureña,1884-06-29,1946-05-11,male,Q1153831,12020018x,61558646,n50037306,XX950598,0000 0001 2135 6119,1884-06-29T00:00:00Z,1946-05-11T00:00:00Z,<XXI
"Heredia,José_María",José María Heredia y Heredia,1803-12-31,1839-05-07,male,Q609805,123388430,56682317,n83126644,XX972781,0000 0000 8135 5153,1803-12-31T00:00:00Z,1839-05-07T00:00:00Z,<XXI
"Hermida_González,Jesús",Jesús Hermida González,,,,,,,,,,,,XXI
"Hernanz_Angulo,Beatriz",Beatriz Hernanz Angulo,,,,,,,,,,,,XXI
"Hernández,Consuelo",Consuelo Hernández,,,,,,,,,,,,XXI
"Hernández,Juan_José",Juan José Hernández,,,,,,,,,,,,XXI
"Hernández,Martha",Martha Hernández,,,,,,,,,,,,XXI
"Hernández,Miguel",Miguel Hernández,1910-10-30,1942-03-28,male,Q332088,"13894460r,12086121s",64032485,n78095657,XX976344,0000 0001 2320 9059,1910-10-30T00:00:00Z,1943-03-28T00:00:00Z,<XXI
"Herrera,Fernando_de",Fernando de Herrera,1534-01-01,1597-01-01,male,Q731218,12054503v,73872694,n83015510,XX1000338,0000 0001 0915 2703,1534-01-01T00:00:00Z,1597-01-01T00:00:00Z,<XXI
"Herrera_Peña,Jesús",Jesús Herrera Peña,,,,,,,,,,,,XXI
"Herrera_y_Reissig,Julio",Julio Herrera y Reissig,1875-01-09,1910-03-09,male,Q3058092,120284017,49239772,n85097362,XX1003103,0000 0001 2279 6757,1875-01-09T00:00:00Z,1910-03-09T00:00:00Z,<XXI
"Hidalgo_Antigoni,Juan_Carlos",Juan Carlos Hidalgo Antigoni,,,,,,,,,,,,XXI
"Hierro,José",José Hierro,1922-04-03,2002-12-21,male,Q770123,12265095r,114220271,n79112284,XX947464,0000 0001 2284 2733,1922-04-03T00:00:00Z,2002-12-21T00:00:00Z,<XXI
"Hilario_Tundidor,Jesús",Jesús Hilario Tundidor,1935-01-01,,male,Q5930221,12174930f,84163496,n88628254,XX919292,0000 0001 1030 2625,1935-01-01T00:00:00Z,,<XXI
"Hinojosa,José_María",José María Hinojosa,1904-09-17,1936-08-22,male,Q9014422,15048976b,66751731,n89629498,XX1057306,0000 0000 7977 0278,1904-09-17T00:00:00Z,1936-08-22T00:00:00Z,<XXI
"Horna,José_María_de",José María de Horna,,,,,,,,,,,,XXI
"Huerta,Efraín",Efraín Huertas,1914-06-18,1982-02-20,male,Q5347596,12160900b,118686690,n79107745,XX831531,0000 0001 2148 8736,1914-06-18T00:00:00Z,"1982-02-20T00:00:00Z,1982-02-03T00:00:00Z",<XXI
"Huet,Ingrid",Ingrid Huet,,,,,,,,,,,,XXI
"Huidobro,Vicente",Vicente Huidobro,1893-01-10,1948-01-02,male,Q117018,11907995j,12329,n50046033,XX955145,0000 0001 0854 4676,1893-01-10T00:00:00Z,1948-01-02T00:00:00Z,<XXI
"Ibarbourou,Juana_de",Juana de Ibarbourou,1892-03-08,1979-07-15,female,Q237914,12175938f,100257812,n81086812,XX926912,0000 0001 1496 0406,1892-03-08T00:00:00Z,1979-07-15T00:00:00Z,<XXI
"Icaza,Francisco_A._de",Francisco A. de Icaza,1863-02-02,1925-05-28,male,Q5484131,12407906c,44385271,n81081187,XX1104712,0000 0001 0893 1596,1863-02-02T00:00:00Z,1925-05-28T00:00:00Z,<XXI
"Impaglione,Gabriel",Gabriel Impaglione,,,,,,,,,,,,XXI
"Iriarte,Juan_de",Juan de Iriarte,1702-12-15,1771-08-23,male,Q932759,12407906c,17575244,n94001572,XX1042746,0000 0000 6300 0172,1702-12-15T00:00:00Z,1771-08-23T00:00:00Z,<XXI
"Iriarte,Tomás_de",Tomás de Iriarte,1750-09-18,1791-09-17,male,Q135326,12002537n,4940433,n80053262,XX971256,0000 0001 0864 4079,1750-09-18T00:00:00Z,1791-09-17T00:00:00Z,<XXI
"Istarú,Ana",Ana Istarú,1960-02-03,,female,Q5673805,120291249,41854973,n78047113,XX962403,0000 0000 5954 3756,1960-02-03T00:00:00Z,,<XXI
"Jaimes_Freyre,Ricardo",Ricardo Jaimes Freyre,1868-05-12,1933-04-24,male,Q352570,11990463q,59091901,n80113346,XX1314803,0000 0001 2134 8223,1868-05-12T00:00:00Z,1933-04-24T00:00:00Z,<XXI
"Jensen,Mónica",Mónica Jensen,,,,,,,,,,,,XXI
"Jiménez,Freddy_Emerson",Freddy Emerson Jiménez,,,,,,,,,,,,XXI
"Jiménez,Juan_Ramón",Juan Ramón Jiménez,1881-12-24,1958-05-29,male,Q131318,118866295,59077345,n79005598,XX826262,0000 0001 2280 5385,1881-12-24T00:00:00Z,1958-05-29T00:00:00Z,<XXI
"Jiménez_Domínguez,Jesús",Jesús Jiménez Domínguez,,,,,,,,,,,,XXI
"Jovellanos,Gaspar_Melchor",Gaspar Melchor de Jovellanos,1744-01-05,1811-11-27,male,Q282498,12002541w,88937355,n79135397,XX1030176,0000 0001 0802 8954,1744-01-05T00:00:00Z,1811-11-27T00:00:00Z,<XXI
"Juarroz,Roberto",Roberto Juarroz,1925-10-05,1995-03-31,male,Q1936854,11909165w,49227249,n81042262,XX1125902,0000 0001 0898 3556,1925-10-05T00:00:00Z,1995-03-31T00:00:00Z,<XXI
Kalvhy,Kalvhy,,,,,,,,,,,,XXI
"Kernahan_Selfa,Clifford_Daniel",Clifford Daniel Kernahan Selfa,,,,,,,,,,,,XXI
Kewois,Kewois,,,,,,,,,,,,XXI
"Kiriadre,Graciela",Graciela Kiriadre,,,,,,,,,,,,XXI
"Lacave,Maribel",Maribel Lacave,,,,,,,,,,,,XXI
"Laforet,Antonio",Antonio Laforet,,,,,,,,,,,,XXI
"Lago,Rodrigo_del",Rodrigo del Lago,,,,,,,,,,,,XXI
"Lamet,Pedro_Miguel",Pedro Miguel Lamet,1941-03-13,,male,Q6069521,12184997x,71434342,n81040509,XX952602,0000 0000 8150 9896,1941-03-13T00:00:00Z,,<XXI
"Lan,Or",Or Lan,,,,,,,,,,,,XXI
"Lapeña,Salvador",Salvador Lapeña,,,,,,,,,,,,XXI
"Larrinua,Mery",Mery Larrinua,,,,,,,,,,,,XXI
"Larrosa_Hornos,Isabel",Isabel Larrosa Hornos,,,,,,,,,,,,XXI
"Latger,Philippe",Philippe Latger,,,,,,,,,,,,XXI
"Laurenza,Alejandro",Alejandro Laurenza,,,,,,,,,,,,XXI
"Lavergne,Alfredo",Alfredo Lavergne,,,,,,,,,,,,XXI
"Lay,Milka",Milka Lay,,,,,,,,,,,,XXI
"Lebasi_González,Jorge",Jorge Lebasi González,,,,,,,,,,,,XXI
"Leiro,Jorge",Jorge Leiro,,,,,,,,,,,,XXI
"Lentino,María_Emilia",María Emilia Lentino,,,,,,,,,,,,XXI
"León,Fray_Luis_de",Luis de León,1527-01-01,1591-08-23,male,Q450246,11912469m,7393179,n79065135,XX1719599,0000 0001 2119 2417,1527-01-01T00:00:00Z,1591-08-23T00:00:00Z,<XXI
"León,Rafael_de",Rafael de León,1908-02-06,1982-12-09,male,Q6098121,14766929t,1625318,n90605661,XX4762446,0000 0001 2117 6898,1908-02-06T00:00:00Z,1982-12-09T00:00:00Z,<XXI
"León,Benjamín",Benjamín León,,,,,,,,,,,,XXI
"León,Encarna",Encarna León,,,,,,,,,,,,XXI
"Leonardo_de_Argensola,Bartolomé",Bartolomé Leonardo de Argensola,1562-08-26,1631-02-04,male,Q2155112,12311221x,54214790,n87808600,XX837842,0000 0001 0902 3055,1562-08-26T00:00:00Z,1631-02-04T00:00:00Z,<XXI
"Leonardo_de_Argensola,Lupercio",Lupercio Leonardo de Argensola,1559-12-14,1613-03-02,male,Q2107506,155533260,323616,n93026907,XX1085514,0000 0001 0861 892X,1559-12-14T00:00:00Z,1613-03-02T00:00:00Z,<XXI
"Lera_de_Lera,Emilia_M._de",Emilia M. de Lera de Lera,,,,,,,,,,,,XXI
"Letelier,Elías",Elías Letelier,,,,,,,,,,,,XXI
"Lezama_Lima,José",José Lezama Lima,1910-12-19,1976-08-09,male,Q366949,11912916d,27067652,n80035744,XX961892,0000 0001 2277 6609,1910-12-19T00:00:00Z,1976-08-09T00:00:00Z,<XXI
"Lihn,Enrique",Enrique Lihn Carrasco,1929-09-03,1988-07-10,male,Q3054687,12065664s,33143,n50050157,XX956781,0000 0000 8348 9737,1929-09-03T00:00:00Z,1988-07-10T00:00:00Z,<XXI
"Liscano,Juan",Juan Liscano,1914-07-07,2001-02-16,male,Q6300228,120244467,109503920,n80113163,XX962401,0000 0001 2103 7994,1914-07-07T00:00:00Z,"2001-02-16T00:00:00Z,2001-02-17T00:00:00Z",<XXI
"Lista,Alberto",Alberto Lista,1775-10-15,1848-10-05,male,Q724883,"12532172j,146189084",37169906,n86020731,XX962461,0000 0001 0823 1063,1775-10-15T00:00:00Z,1848-10-05T00:00:00Z,<XXI
"Lizalde,Eduardo",Eduardo Lizalde,,,,,,,,,,,,XXI
"Lizárraga,César",César Lizárraga,,,,,,,,,,,,XXI
"Llorente_Benito,Luis",Luis Llorente Benito,,,,,,,,,,,,XXI
"Lobo_Ríos,Francisco",Francisco Lobo Ríos,,,,,,,,,,,,XXI
"Lopetegui_García,Joseba",Joseba Lopetegui García,,,,,,,,,,,,XXI
Lottie,Lottie,,,,,,,,,,,,XXI
"López,Luis_Carlos",Luis Carlos López,1883-09-11,1950-10-30,male,Q9024972,121973705,284335798,n84054275,XX1139815,0000 0003 9067 8087,1883-09-11T00:00:00Z,1950-01-01T00:00:00Z,<XXI
"Lozano,Manuel",Manuel Lozano,,,,,,,,,,,,XXI
"López,Freddy",Freddy López,,,,,,,,,,,,XXI
"López,Imanol",Imanol López,,,,,,,,,,,,XXI
"López,José_Luis",José Luis López,,,,,,,,,,,,XXI
"López,José_M.",José M. López,,,,,,,,,,,,XXI
"López_de_Ayala,Adelardo",Adelardo López de Ayala y Herrera,1828-05-01,1879-12-30,male,Q354137,14637563b,267848,n82062424,XX877512,0000 0000 8079 7638,1828-05-01T00:00:00Z,1879-12-30T00:00:00Z,<XXI
"López,Pascual",Pascual López,,,,,,,,,,,,XXI
"López_Aboytes,Óscar_E.",Óscar E. López Aboytes,,,,,,,,,,,,XXI
"López_González,Soledad",Soledad López González,,,,,,,,,,,,XXI
"López_Meléndez,Teódulo",Teódulo López Meléndez,,,,,,,,,,,,XXI
"López_Pozo,Marco_Antonio",Marco Antonio López Pozo,,,,,,,,,,,,XXI
"López_Velarde,Ramón",Ramón López Velarde,1888-06-15,1921-06-19,male,Q2620876,121973705,68976435,n84054275,XX1139815,0000 0001 2138 0864,1888-06-15T00:00:00Z,1921-06-19T00:00:00Z,<XXI
"Loynaz,Dulce_María",Dulce María Loynaz,1903-12-10,1997-04-27,female,Q447059,12197194m,64053006,nr88008336,XX1057833,0000 0001 2096 2811,"1903-12-10T00:00:00Z,1902-12-10T00:00:00Z",1997-04-27T00:00:00Z,<XXI
"Lugones,Leopoldo",Leopoldo Lugones,1874-06-13,1938-02-18,male,Q188875,12020670p,54160474,n50048827,XX1045801,0000 0001 0901 9646,1874-06-13T00:00:00Z,1938-02-18T00:00:00Z,<XXI
"Luis,Leopoldo_de",Leopoldo de Luis,1918-05-11,2005-11-20,male,Q369118,120187773,79042377,n79059616,XX903674,0000 0001 0858 802X,1918-05-11T00:00:00Z,2005-11-20T00:00:00Z,<XXI
"Lumbela,Amado",Amado Lumbela,,,,,,,,,,,,XXI
"Luna,Miguel",Miguel Luna,,,,,,,,,,,,XXI
"Lupiáñez,José",José Lupiáñez,,,,,,,,,,,,XXI
"Luzán,Ignacio",Ignacio de Luzán Claramunt de Suelves y Gurrea,1702-03-28,1754-05-19,male,Q3148219,121747270,9889846,n92068023,XX848487,0000 0000 8076 3032,1702-03-28T00:00:00Z,1754-05-19T00:00:00Z,<XXI
"Machado,Antonio",Antonio Machado,1875-07-26,1939-02-22,male,Q243771,11886850j,7385547,n79066067,XX991518,0000 0004 3981 4503,1875-07-26T00:00:00Z,1939-02-22T00:00:00Z,<XXI
"Machado,Manuel",Manuel Machado,1874-08-29,1947-01-19,male,Q577495,12309019j,34524742,n79095615,XX991652,"0000 0001 2023 6887,0000 0004 4035 7805,0000 0003 5438 8488",1874-08-29T00:00:00Z,1947-01-19T00:00:00Z,<XXI
"Machón_Pascual,Ramón_Miguel",Ramón Miguel Machón Pascual,,,,,,,,,,,,XXI
"Madrazo_Vicéns,Pepe",Pepe Madrazo Vicéns,,,,,,,,,,,,XXI
"Madrid,Marco_Antonio",Marco Antonio Madrid,,,,,,,,,,,,XXI
"Madrigal,Adriana",Adriana Madrigal,,,,,,,,,,,,XXI
"Maestro,El",El Maestro,,,,,,,,,,,,XXI
"Maiden,Diana",Diana Maiden,,,,,,,,,,,,XXI
"Mallea_Hernández,W._M.",W. M. Mallea Hernández,,,,,,,,,,,,XXI
"Mamani_Macedo,Porfirio",Porfirio Mamani Macedo,,,,,,,,,,,,XXI
"Manceda,Ana_María",Ana María Manceda,,,,,,,,,,,,XXI
"Manrique,Jorge",Jorge Manrique,1440-01-01,1479-04-24,male,Q389233,11914308m,51692805,n79066679,XX1021804,0000 0001 0900 2174,1440-01-01T00:00:00Z,"1479-04-24T00:00:00Z,1479-03-27T00:00:00Z",<XXI
"Manrique_Preciado,Lila",Lila Manrique Preciado,,,,,,,,,,,,XXI
"Mansilla_Rojas,Migdalia_B.",Migdalia B. Mansilla Rojas,,,,,,,,,,,,XXI
"Mantelli,Pablo",Pablo Mantelli,,,,,,,,,,,,XXI
"Mañoso,José",José Mañoso,,,,,,,,,,,,XXI
"Maples_Arce,Manuel",Manuel Maples Arce,1900-05-01,1981-07-16,male,Q1566333,10111832m,6324880,n84015168,XX1071668,0000 0000 8353 6994,1900-05-01T00:00:00Z,1981-07-16T00:00:00Z,<XXI
Mar,Mar,,,,,,,,,,,,XXI
"Marañón,Rafael",Rafael Marañón,,,,,,,,,,,,XXI
"Marechal,Leopoldo",Leopoldo Marechal,1900-06-11,1970-06-26,male,Q1819994,123742289,46840730,n81090460,XX880008,0000 0001 2131 1148,1900-06-11T00:00:00Z,1970-06-26T00:00:00Z,<XXI
Margazul,Margazul,,,,,,,,,,,,XXI
"Martí,José",José Martí,1853-01-28,1895-05-19,male,Q103285,"120206475,1",73865537,n79081295,XX887485,0000 0001 2139 3681,1853-01-28T00:00:00Z,1895-05-19T00:00:00Z,<XXI
"Martín_Badillo,Diego",Diego Martín Badillo,,,,,,,,,,,,XXI
"Martínez,Daniel_Omar",Daniel Omar Martínez,,,,,,,,,,,,XXI
"Martínez,Fabiana",Fabiana Martínez,,,,,,,,,,,,XXI
"Martínez_Delors,Daniel",Daniel Martínez Delors,,,,,,,,,,,,XXI
"Martínez_de_la_Rosa,Francisco",Francisco de Paula Martínez de la Rosa y Berdejo,1787-03-10,1862-02-07,male,Q27357,12172718j,"168954530,1",n85342393,XX1005642,"0000 0001 1802 1027,0000 0001 1797 6243",1787-03-10T00:00:00Z,1862-02-07T00:00:00Z,<XXI
"Martínez_Guerrero,Sandra",Sandra Martínez Guerrero,,,,,,,,,,,,XXI
"Martínez_Gutiérrez,Jesús",Jesús Martínez Gutiérrez,,,,,,,,,,,,XXI
"Martínez_Lara,Dora_Leticia",Dora Leticia Martínez Lara,,,,,,,,,,,,XXI
"Martínez_Moreno,Irene",Irene Martínez Moreno,,,,,,,,,,,,XXI
"Martínez_Oyola,Waldemar",Waldemar Martínez Oyola,,,,,,,,,,,,XXI
"Martínez_Sánchez,José_Manuel",José Manuel Martínez Sánchez,,,,,,,,,,,,XXI
"Martínez_Estrada,Ezequiel",Ezequiel Martínez Estrada,1895-09-14,1964-11-04,male,Q464737,11886904n,46755849,n50052459,XX1145014,0000 0001 0857 1551,1895-09-14T00:00:00Z,"1964-11-04T00:00:00Z,1964-11-03T00:00:00Z",<XXI
"Marzal,Carlos",Carlos Marzal,1961-01-01,,male,Q6404401,15047073k,6069691,no92020150,XX902305,0000 0000 7827 8708,1961-01-01T00:00:00Z,,<XXI
"Mateos-Cano,Fran",Fran Mateos-Cano,,,,,,,,,,,,XXI
"Matos_Paoli,Francisco",Francisco Matos Paoli,1915-03-09,2000-07-10,male,Q3081899,12055773t,54168069,n50045146,XX859945,0000 0000 7827 4563,1915-03-09T00:00:00Z,2000-07-10T00:00:00Z,<XXI
"Maury,Juan_María",Juan María Maury,1772-01-01,1845-01-01,male,Q5980307,146189022,12559212,n50045146,XX4580072,0000 0001 1597 0489,1772-01-01T00:00:00Z,1845-01-01T00:00:00Z,<XXI
"Maya,Rafael",Rafael Maya,1897-01-01,1980-07-22,male,Q6097641,12025648q,7404272,n84037026,XX1361659,0000 0000 6632 2310,1897-01-01T00:00:00Z,1980-07-22T00:00:00Z,<XXI
"Márquez_Cristo,Gonzalo",Gonzalo Márquez Cristo,,,,,,,,,,,,XXI
"Medina,Gustavo_Adolfo",Gustavo Adolfo Medina,,,,,,,,,,,,XXI
"Medina,Jorge",Jorge Medina,,,,,,,,,,,,XXI
"Medrano,Francisco_de",Francisco Medrano,1570-01-01,1607-01-01,male,Q5483695,12117613h,"27098048,19",n86016517,XX915647,0000 0001 1610 7724,1570-01-01T00:00:00Z,1607-01-01T00:00:00Z,<XXI
"Mejía_Sánchez,Gamaliel_José",Gamaliel José Mejía Sánchez,,,,,,,,,,,,XXI
"Meléndez,Mario",Mario Meléndez,,,,,,,,,,,,XXI
"Meléndez_Valdés,Juan",Juan Meléndez Valdés,1754-03-11,1817-05-24,male,Q2415144,12060421r,34478520,n79089208,XX1136317,0000 0001 0886 3271,1754-03-11T00:00:00Z,1817-05-24T00:00:00Z,<XXI
"Melgar_Becerra,Juan_Miguel",Juan Miguel Melgar Becerra,,,,,,,,,,,,XXI
"Mena,Juan_de",Juan de Mena,1411-01-01,1456-01-01,male,Q388140,12030957h,9862287,n79018499,XX956076,0000 0001 2120 1483,1411-01-01T00:00:00Z,1456-01-01T00:00:00Z,<XXI
"Mendizábal_R.,Lucía",Lucía Mendizábal R.,,,,,,,,,,,,XXI
"Mier_Garza,Ángel",Ángel Mier Garza,,,,,,,,,,,,XXI
"Miguel,Valentín_de",Valentín de Miguel,,,,,,,,,,,,XXI
"Minore,Gito",Gito Minore,,,,,,,,,,,,XXI
"Mira_de_Amescua,Antonio",Antonio Mira de Amescua,1577-01-17,1636-01-01,male,Q1773549,11886997g,100192419,n81089864,XX1154933,0000 0001 1453 2487,1577-01-17T00:00:00Z,1636-01-01T00:00:00Z,<XXI
"Miralles,Isabel",Isabel Miralles,,,,,,,,,,,,XXI
"Miranda,Sinda",Sinda Miranda,,,,,,,,,,,,XXI
"Mistral,Gabriela",Gabriela Mistral,1889-04-07,1957-01-10,female,Q80871,12020618k,44311414,n50033817,XX1720984,"0000 0003 6860 3433,0000 0001 1631 1450",1889-04-07T00:00:00Z,1957-01-10T00:00:00Z,<XXI
"Molina,Darío_Arístides",Darío Arístides Molina,,,,,,,,,,,,XXI
"Molinari,Ricardo_E.",Ricardo Molinari,1898-03-23,1996-07-31,male,Q1340128,123761213,22221596,n83185257,XX1174016,0000 0000 5929 3056,1898-03-23T00:00:00Z,1996-07-31T00:00:00Z,<XXI
"Molinaro,Bruno",Bruno Molinaro,,,,,,,,,,,,XXI
"Montejo,Eugenio",Eugenio Montejo,1938-10-19,2008-06-05,male,Q336535,12160612h,2511064,n83800495,XX968356,0000 0000 8081 7897,1938-10-19T00:00:00Z,"2008-06-05T00:00:00Z,2008-06-06T00:00:00Z",<XXI
"Montemayor,Emilio",Emilio Montemayor,,,,,,,,,,,,XXI
"Montobbio,Santiago",Santiago Montobbio,1966-01-01,,male,Q93419548,12160612h,32094633,no2011097946,XX1230969,0000 0001 2017 6351,1966-01-01T00:00:00Z,,<XXI
"Montoly,Daniel_J.",Daniel J. Montoly,,,,,,,,,,,,XXI
"Monzón,Marta",Marta Monzón,,,,,,,,,,,,XXI
"Moore,Esteban",Esteban Moore,,,,,,,,,,,,XXI
"Mor,Dolan",Dolan Mor,,,,,,,,,,,,XXI
"Mora,José_Joaquín_de",José Joaquín de Mora,1783-01-10,1864-01-01,male,Q5940827,12295741c,74906,n84143355,XX944168,0000 0001 0861 2042,1783-01-10T00:00:00Z,1864-01-01T00:00:00Z,<XXI
"Mora,Pablo",Pablo Mora,,,,,,,,,,,,XXI
"Morales,Carlos_Javier",Carlos Javier Morales,,,,,,,,,,,,XXI
"Morales,Rafael",Rafael Morales,1919-07-31,2005-06-29,male,Q5405617,13333734p,41987410,n79144862,XX848145,0000 0001 1568 1484,1919-07-31T00:00:00Z,2005-06-29T00:00:00Z,<XXI
"Morales_Rojas,Juan",Juan Morales Rojas,,,,,,,,,,,,XXI
"Moreno_Villa,José",José Moreno Villa,1887-02-16,1955-04-25,male,Q981658,12144713p,47429,n50014866,XX1164589,0000 0001 1203 6746,1887-02-16T00:00:00Z,1955-04-25T00:00:00Z,<XXI
"Moya_Zúñiga,Jaime",Jaime Moya Zúñiga,,,,,,,,,,,,XXI
"Muci,Maruja",Maruja Muci,,,,,,,,,,,,XXI
"Munárriz,Jesús",Jesús Munárriz,1940-01-01,,male,Q510271,12144713p,35155003,n50066181,XX1009631,0000 0001 0887 3277,1940-01-01T00:00:00Z,,<XXI
"Muñiz,Lucía",Lucía Muñiz,,,,,,,,,,,,XXI
"Muñiz_Álvarez_del_Castillo,Benjamín",Benjamín Muñiz Álvarez del Castillo,,,,,,,,,,,,XXI
"Muñoz,Ámbar",Ámbar Muñoz,,,,,,,,,,,,XXI
"Murillo_García,José",José Murillo García,,,,,,,,,,,,XXI
"Mutis,Álvaro",Álvaro Mutis,1923-08-25,2013-09-22,male,Q251123,12027629x,113770418,n84804395,XX1014327,0000 0001 2148 2406,1923-08-25T00:00:00Z,2013-09-22T00:00:00Z,<XXI
"Nachón,Fernando",Fernando Nachón,,,,,,,,,,,,XXI
"Nalé_Roxlo,Conrado",Conrado Nalé Roxlo,1898-02-15,1971-07-02,male,Q1127112,"124457828,11186015m",64099989,nr88008132,"XX897583,XX1343839",0000 0001 0782 7041,"1898-02-15T00:00:00Z,1896-01-15T00:00:00Z",1971-07-02T00:00:00Z,<XXI
"Nanjari_Román,Ricardo",Ricardo Nanjari Román,,,,,,,,,,,,XXI
"Nanni_Arias,Catriel",Catriel Nanni Arias,,,,,,,,,,,,XXI
"Napolitano,Martha",Martha Napolitano,,,,,,,,,,,,XXI
"Narelio,Heber",Heber Narelio,,,,,,,,,,,,XXI
"Nava,Jessica",Jessica Nava,,,,,,,,,,,,XXI
"Nazario,Amadeo",Amadeo Nazario,,,,,,,,,,,,XXI
"Neira,Vicente",Vicente Neira,,,,,,,,,,,,XXI
"Nené,Tiago",Tiago Nené,,,,,,,,,,,,XXI
"Neruda,Pablo",Pablo Neruda,1904-07-12,1973-09-23,male,Q34189,118871020,95126958,n79046560,XX1024955,0000 0001 2144 0986,1904-07-12T00:00:00Z,1973-09-23T00:00:00Z,<XXI
"Nervo,Amado",Amado Nervo,1870-08-27,1919-05-24,male,Q452130,12409548p,97487,n81004395,XX1081429,0000 0001 0861 3678,1870-08-27T00:00:00Z,1919-05-24T00:00:00Z,<XXI
"Nire,Ártemis",Ártemis Nire,,,,,,,,,,,,XXI
"Nonino,Gian",Gian Nonino,,,,,,,,,,,,XXI
"Noroña,Conde_de",Gaspar María de Nava,1760-05-06,1815-01-01,male,Q5875829,11186015m,5361948,nr99019653,XX1223976,0000 0000 7969 923X,1760-05-06T00:00:00Z,1815-01-01T00:00:00Z,<XXI
"Novo,Salvador",Salvador Novo,1904-07-30,1974-01-13,male,Q63667,12408362f,34544490,n79056065,XX1050073,0000 0001 0886 6915,1904-07-30T00:00:00Z,1974-01-13T00:00:00Z,<XXI
"Núñez_de_Arce,Gaspar",Gaspar Núñez de Arce,1832-08-04,1903-06-09,male,Q64652,145247137,32232312,n87893553,XX879300,0000 0000 8369 700X,"1832-08-04T00:00:00Z,1834-08-04T00:00:00Z",1903-06-09T00:00:00Z,<XXI
"Oceana,Oceana",Oceana Oceana,,,,,,,,,,,,XXI
"Odio,Eunice",Eunice Odio,1919-10-18,1974-03-23,female,Q5850856,12054518w,86866382,n84072814,XX879300,0000 0001 1862 4880,1919-10-18T00:00:00Z,1974-03-23T00:00:00Z,<XXI
"Olazábal,Juana",Juana Olazábal,,,,,,,,,,,,XXI
"Olevsky,Eitan",Eitan Olevsky,,,,,,,,,,,,XXI
"Oliver,José_A.",José A. Oliver,,,,,,,,,,,,XXI
"Olmedo_Baratta,José_Mario",José Mario Olmedo Baratta,,,,,,,,,,,,XXI
"Ongay,Íñigo",Íñigo Ongay,,,,,,,,,,,,XXI
Orión_de_Panthoseas,Orión de Panthoseas,,,,,,,,,,,,XXI
"Orozco,Olga",Olga Orozco,1920-03-17,1999-08-15,female,Q467091,121149933,84167445,n81071804,XX877076,0000 0001 2282 4447,1920-03-17T00:00:00Z,1999-08-15T00:00:00Z,<XXI
"Ors,Eugenio_D'",Eugeni d'Ors,1881-09-28,1954-09-26,male,Q930679,11887168x,59077528,n79084267,XX983819,"0000 0003 6864 2459,0000 0003 6864 2432,0000 0001 2134 7562,0000 0003 6864 2440","1881-09-28T00:00:00Z,1881-09-18T00:00:00Z",1954-09-26T00:00:00Z,<XXI
"Ortega,José_María",José María Ortega,,,,,,,,,,,,XXI
"Ortiz,Alberto",Alberto Ortiz,,,,,,,,,,,,XXI
"Ortiz_Fernández,Pablo",Pablo Ortiz Fernández,,,,,,,,,,,,XXI
"Ortiz_Galeano,Juan_Ramón",Juan Ramón Ortiz Galeano,,,,,,,,,,,,XXI
"Ory,Carlos_Edmundo_de",Carlos Edmundo de Ory,1923-04-27,2010-11-11,male,Q2939337,12025276v,79044779,n79127130,XX995751,0000 0001 1936 5606,1923-04-27T00:00:00Z,2010-11-11T00:00:00Z,<XXI
"Oscós,Godofredo",Godofredo Oscós,,,,,,,,,,,,XXI
"Osinnik,Anfisa",Anfisa Osinnik,,,,,,,,,,,,XXI
"Oteo,Arantxa",Arantxa Oteo,,,,,,,,,,,,XXI
"Otero,Blas_de",Blas de Otero,1916-03-15,1979-06-29,male,Q881756,120378348,22158847,n79004114,XX1020254,0000 0001 1022 4268,1916-03-15T00:00:00Z,1979-06-29T00:00:00Z,<XXI
"Otero_Dapena,Juan_Carlos",Juan Carlos Otero Dapena,,,,,,,,,,,,XXI
"Otero_Silva,Miguel",Miguel Otero Silva,1908-10-26,1985-08-28,male,Q2619780,119182623,88977074,n79085038,XX1022335,0000 0001 1030 7354,1908-10-26T00:00:00Z,"1986-08-28T00:00:00Z,1985-08-27T00:00:00Z",<XXI
"Othón,Manuel_José",Manuel José Othón,1858-06-14,1906-11-28,male,Q6752655,12054036f,51709430,n80117165,XX1316777,0000 0001 1762 9639,1858-06-14T00:00:00Z,1906-11-28T00:00:00Z,<XXI
"Ouro_Agromartín,Mª_Dolores",Mª Dolores Ouro Agromartín,,,,,,,,,,,,XXI
"Oyague_Pásara,Carlos",Carlos Oyague Pásara,,,,,,,,,,,,XXI
"Pacherres,Marvin_Augusto",Marvin Augusto Pacherres,,,,,,,,,,,,XXI
"Padula_Perkins,Jorge_Eduardo",Jorge Eduardo Padula Perkins,,,,,,,,,,,,XXI
"Palacio,Manuel_del",Manuel del Palacio,1831-12-24,1906-06-05,male,Q5994820,135575387,2636638,n86020587,XX912058,0000 0001 1035 517X,1831-12-24T00:00:00Z,1906-06-05T00:00:00Z,<XXI
"Palacios,Zacarías",Zacarías Palacios,,,,,,,,,,,,XXI
"Palés_Matos,Luis",Luis Palés Matos,1898-03-20,1959-02-23,male,Q1860436,11990415v,41849232,n79070082,XX1013045,0000 0001 0891 0138,1898-03-20T00:00:00Z,1959-02-23T00:00:00Z,<XXI
"Pallais,Azarías_H.",Azarías Pallais,1884-11-03,1954-09-06,male,Q4832284,12554864r,46875642,n80045202,XX1351353,0000 0001 1761 4760,1884-11-03T00:00:00Z,1954-09-06T00:00:00Z,<XXI
"Panero,Juan_Luis",Juan Luis Panero,1942-09-09,2013-09-16,male,Q3753690,12164721q,95557809,n85159273,XX1045944,0000 0001 0927 513X,1942-09-09T00:00:00Z,2013-09-16T00:00:00Z,<XXI
"Panero,Leopoldo",Leopoldo Panero,1909-10-17,1962-08-27,male,Q594046,12020655s,56622405,n50050294,XX1046075,0000 0001 2134 0694,1909-10-17T00:00:00Z,1962-08-27T00:00:00Z,<XXI
"Panero,Leopoldo_María",Leopoldo María Panero,1948-06-16,2014-03-05,male,Q2492740,12068159j,66489468,n80051588,XX1639349,0000 0001 1068 2269,1948-06-16T00:00:00Z,2014-03-05T00:00:00Z,<XXI
"Pardo_García,Germán",Germán Pardo García,1902-07-19,1991-08-23,male,Q5878790,12489844s,95314520,n50080389,XX1046743,0000 0001 1690 1581,1902-07-19T00:00:00Z,1991-08-23T00:00:00Z,<XXI
"Paredes,Pablo",Pablo Paredes,,,,,,,,,,,,XXI
"Parra,Nicanor",Nicanor Parra,1914-09-05,2018-01-23,male,Q360832,121200032,19710563,n50050784,XX1059168,0000 0001 1603 7906,1914-09-05T00:00:00Z,2018-01-23T00:00:00Z,<XXI
"Parra_Pozuelo,Manuel",Manuel Parra Pozuelo,,,,,,,,,,,,XXI
"Pastor_Díaz_y_Corbelle,Nicomedes",Nicomedes Pastor Díaz y Corbelle,1811-09-15,1863-03-22,male,Q3032159,155546200,22453734,no94016397,XX883039,0000 0001 2124 0167,1811-09-15T00:00:00Z,1863-03-22T00:00:00Z,<XXI
"Pastrana,Elizabeth",Elizabeth Pastrana,,,,,,,,,,,,XXI
"Paz,Octavio",Octavio Paz,1914-03-31,1998-04-19,male,Q46739,11918885d,41844743,n79076107,XX1076624,0000 0001 2129 6435,1914-03-31T00:00:00Z,1998-04-19T00:00:00Z,<XXI
"Peinador,Miguel_Ángel",Miguel Ángel Peinador,,,,,,,,,,,,XXI
"Pellicer,Carlos",Carlos Pellicer,1899-01-16,1977-02-16,male,Q4381,120205367,"61558793,75",n79058525,XX901462,0000 0001 1473 5102,1899-01-16T00:00:00Z,1977-02-16T00:00:00Z,<XXI
"Pemán,José_María",José María Pemán,1897-05-08,1981-07-19,male,Q964355,11990417j,111468365,n50010323,XX969038,0000 0001 0935 7119,1897-05-08T00:00:00Z,1981-07-19T00:00:00Z,<XXI
"Peña_del_Bosque,Leopoldo",Leopoldo Peña del Bosque,,,,,,,,,,,,XXI
"Pereira,Gustavo",Gustavo Pereira,1941-03-07,,male,Q5889791,11990417j,11525090,n93108039,XX1394867,0000 0001 1021 107X,1941-03-07T00:00:00Z,,<XXI
"Pereyra_Lucena,Cristián",Cristián Pereyra Lucena,,,,,,,,,,,,XXI
"Pérez_de_Ayala,Ramón",Ramón Pérez de Ayala,1880-08-09,1962-08-05,male,Q727717,12018785q,12320329,n50016858,XX982844,"0000 0001 2120 8482,0000 0003 6863 7828",1880-08-09T00:00:00Z,1962-08-05T00:00:00Z,<XXI
"Pérez,Dalia_María",Dalia María Pérez,,,,,,,,,,,,XXI
"Pérez,David",David Pérez,,,,,,,,,,,,XXI
"Pérez,Diego",Diego Pérez,,,,,,,,,,,,XXI
"Pérez,Freddy",Freddy Pérez,,,,,,,,,,,,XXI
"Pérez,Ignacio",Ignacio Pérez,,,,,,,,,,,,XXI
"Pérez-Ayala_Huertas,Javier",Javier Pérez-Ayala Huertas,,,,,,,,,,,,XXI
"Pérez_Asensio,Miguel_Ángel",Miguel Ángel Pérez Asensio,,,,,,,,,,,,XXI
"Pérez_Hernández,Jorge_A.",Jorge A. Pérez Hernández,,,,,,,,,,,,XXI
"Pérez_Pol,David",David Pérez Pol,,,,,,,,,,,,XXI
"Pérez_Poza,Fernando_Luis",Fernando Luis Pérez Poza,,,,,,,,,,,,XXI
"Pérez_Vilas,Pedro",Pedro Pérez Vilas,,,,,,,,,,,,XXI
"Peza,Juan_de_Dios",Juan de Dios Pesas,1852-06-29,1910-03-16,male,Q600330,12054039g,29553746,n86804838,XX1375724,0000 0000 8108 1551,1852-06-29T00:00:00Z,1910-03-16T00:00:00Z,<XXI
"Pichs,Tony",Tony Pichs,,,,,,,,,,,,XXI
"Pie_Morales,Sandra",Sandra Pie Morales,,,,,,,,,,,,XXI
"Piedrahita,Yanet",Yanet Piedrahita,,,,,,,,,,,,XXI
"Pierucci,Andrés_Eduardo",Andrés Eduardo Pierucci,,,,,,,,,,,,XXI
"Piferrer,Pablo",Pablo Piferrer,1818-01-01,1848-01-01,male,Q9054013,12054039g,31341201,n2001036271,XX967444,0000 0000 7972 8432,1818-01-01T00:00:00Z,1848-01-01T00:00:00Z,<XXI
"Pilía,Guillermo",Guillermo Pilía,,,,,,,,,,,,XXI
"Pino,Eduardo_del",Eduardo del Pino,,,,,,,,,,,,XXI
"Pintael_Martínez,Joaquín",Joaquín Pintael Martínez,,,,,,,,,,,,XXI
"Pinzón-Bedoya,Francisco",Francisco Pinzón-Bedoya,,,,,,,,,,,,XXI
"Pizarnik,Alejandra",Alejandra Pizarnik,1936-04-29,1972-09-25,female,Q272441,12013428v,17233961,n82006764,XX1061545,0000 0001 1041 3691,1936-04-29T00:00:00Z,1972-09-25T00:00:00Z,<XXI
"Pizarro,José_Ángel",José Ángel Pizarro,,,,,,,,,,,,XXI
"Pizarro_Aray,Carola",Carola Pizarro Aray,,,,,,,,,,,,XXI
"Planas_Bennásar,Juan",Juan Planas Bennásar,,,,,,,,,,,,XXI
"Plaza_Llamas,Antonio",Antonio Plaza,1830-06-02,1882-08-26,male,Q5699379,12013428v,26211953,n89647429,XX1380414,0000 0000 8366 2253,1830-06-02T00:00:00Z,1882-08-26T00:00:00Z,<XXI
"Pombo,Rafael",Rafael Pombo,1833-11-07,1912-05-05,male,Q1661285,12308318s,79400080,n82012180,XX955354,0000 0001 1772 162X,1833-11-07T00:00:00Z,1912-05-05T00:00:00Z,<XXI
"Ponce_y_Mora,Javier",Javier Ponce y Mora,,,,,,,,,,,,XXI
"Popa,Dorin",Dorin Popa,,,,,,,,,,,,XXI
"Portela,Óscar",Óscar Portela,,,,,,,,,,,,XXI
"Portilla_Montaño,Jéssica_de_la",Jéssica de la Portilla Montaño,,,,,,,,,,,,XXI
"Posada,Dina",Dina Posada,1946-01-01,,female,Q5277862,12308318s,61166422,no98095230,XX955354,0000 0000 4173 5039,1946-01-01T00:00:00Z,,<XXI
"Poza,Agustín_de_la",Agustín de la Poza,,,,,,,,,,,,XXI
"Pómez,José",José Pómez,,,,,,,,,,,,XXI
"Prados,Emilio",Emilio Prados,1899-03-04,1970-04-24,male,Q530267,12059958f,32018065,n80051603,XX1032391,0000 0001 1023 698X,1899-03-04T00:00:00Z,"1970-04-24T00:00:00Z,1962-04-24T00:00:00Z,1968-04-24T00:00:00Z",<XXI
"Puebla,Sergio",Sergio Puebla,,,,,,,,,,,,XXI
"Pulido_Castillo,Gonzalo",Gonzalo Pulido Castillo,,,,,,,,,,,,XXI
"Querol_Campos,Vicente_Wenceslao",Vicente Wenceslao Querol,1837-09-28,1889-10-24,male,Q3700462,12054521s,71410464,n87882848,XX910529,0000 0001 1029 1321,1837-09-28T00:00:00Z,1889-10-24T00:00:00Z,<XXI
"Quesada_y_Loynaz,C._de",C. de Quesada y Loynaz,,,,,,,,,,,,XXI
"Quevedo,Andrés",Andrés Quevedo,,,,,,,,,,,,XXI
"Quevedo,Francisco",Francisco Quevedo,1580-09-17,1645-09-08,male,Q201315,118873287,56604566,n79029741,XX1066651,0000 0001 2133 9650,1580-09-17T00:00:00Z,1645-09-08T00:00:00Z,<XXI
"Quintana,Manuel_José",Manuel José Quintana,1772-04-11,1857-03-11,male,Q380792,12680447w,73975529,n79046639,XX827069,0000 0001 1029 512X,1772-04-11T00:00:00Z,1857-03-11T00:00:00Z,<XXI
"Quiroga,Horacio",Horacio Quiroga,1878-12-31,1937-02-19,male,Q16864,12016648r,19689428,"n81059872,no2015034029",XX1069397,0000 0001 2277 1648,1878-12-31T00:00:00Z,1937-02-19T00:00:00Z,<XXI
"R._A.-Valdés,Emma-Margarita",Emma-Margarita R. A.-Valdés,,,,,,,,,,,,XXI
"Ramírez,Sebastián",Sebastián Ramírez,,,,,,,,,,,,XXI
"Ramírez_Mella,Edgar_E.",Edgar E. Ramírez Mella,,,,,,,,,,,,XXI
"Ramírez_Silva,Alejandro",Alejandro Ramírez Silva,,,,,,,,,,,,XXI
"Ramos,Andrea",Andrea Ramos,,,,,,,,,,,,XXI
"Ramos,Julián",Julián Ramos,,,,,,,,,,,,XXI
"Ramos_B.,Fernando",Fernando Ramos B.,,,,,,,,,,,,XXI
"Ramos_Carrión,Miguel",Miguel Ramos Carrión,1848-01-01,1915-08-08,male,Q5253445,147947460,69738124,n82041097,XX1079848,0000 0001 1666 7158,1848-01-01T00:00:00Z,1915-08-08T00:00:00Z,<XXI
"Ramos_Sucre,José_Antonio",José Antonio Ramos Sucre,1890-06-09,1930-06-13,male,Q366883,12059187t,66488135,n81063407,XX1725246,0000 0001 1767 7884,1890-06-09T00:00:00Z,1930-06-13T00:00:00Z,<XXI
"Ramos_Vargas,Anthony_James",Anthony James Ramos Vargas,,,,,,,,,,,,XXI
"Rasch_Isla,Miguel",Miguel Rasch Isla,1887-02-09,1953-10-06,male,Q45258680,12059187t,66488135,n81063407,XX1725246,0000 0001 1767 7884,1887-02-09T00:00:00Z,1953-10-06T00:00:00Z,<XXI
"Ratón,Maeve",Maeve Ratón,,,,,,,,,,,,XXI
"Ratz,Wolfgang",Wolfgang Ratz,,,,,,,,,,,,XXI
"Ravizzi,Marta",Marta Ravizzi,,,,,,,,,,,,XXI
"Reina_Palazón,José_Luis",José Luis Reina Palazón,,,,,,,,,,,,XXI
"Rened,Ángel",Ángel Rened,,,,,,,,,,,,XXI
"Reni-Anzola,Daniel",Daniel Reni-Anzola,,,,,,,,,,,,XXI
"Rensoli,Lourdes",Lourdes Rensoli,,,,,,,,,,,,XXI
"Requejo,Pablo",Pablo Requejo,,,,,,,,,,,,XXI
"Revagliatti,Rolando",Rolando Revagliatti,,,,,,,,,,,,XXI
"Rey,José_Luis",José Luis Rey,,,,,,,,,,,,XXI
"Rébora,Marilina",Marilina Rébora,1919-05-27,1999-05-27,male,,12059187t,66488135,n81063407,XX1725246,0000 0001 1767 7884,1919-05-27T00:00:00Z,1999-05-27T00:00:00Z,<XXI
"Reyes,Alfonso",Alfonso Reyes Papá de la Zorra de Fatima Reyes,1889-05-17,1959-12-27,male,Q462721,12058725p,29555218,n50044834,XX1108521,0000 0001 2125 8965,1889-05-17T00:00:00Z,1959-12-27T00:00:00Z,<XXI
"Reyes,Simón",Simón Reyes,,,,,,,,,,,,XXI
"Reyes_Ríos,Juan-José",Juan-José Reyes Ríos,,,,,,,,,,,,XXI
"Reyes,Belén",Belén Reyes,1964-05-27,,male,,12058725p,29555218,n50044834,XX1108521,0000 0001 2125 8965,1964-05-27T00:00:00Z,,<XXI
"Ridruejo,Dionisio",Dionisio Ridruejo,1912-10-12,1975-06-29,male,Q2553101,120316677,73868629,n50045546,XX1064842,0000 0001 1029 4311,1912-10-12T00:00:00Z,1975-06-29T00:00:00Z,<XXI
"Riechmann,Jorge",Jorge Riechmann,1962-03-24,,male,Q10308228,120681555,33574,n89665596,XX1107604,0000 0001 0860 9505,1962-03-24T00:00:00Z,,<XXI
"Rioja,Francisco_de",Francisco de Rioja,1583-11-22,1659-08-08,male,Q684568,12034013c,"61562312,99",n86809518,XX1089488,"0000 0000 6858 9633,0000 0000 6143 5244",1583-11-22T00:00:00Z,1659-08-08T00:00:00Z,<XXI
"Rivas,Duque_de","Ángel de Saavedra, 3rd Duke of Rivas",1791-03-10,1865-06-22,male,Q155463,12005468c,34466938,n80049561,XX906548,0000 0001 0886 2359,1791-03-10T00:00:00Z,1865-06-22T00:00:00Z,<XXI
"Rivera,José_Eustasio",José Eustsio Ribera,1888-02-19,1928-12-02,male,Q940428,12175785d,51731849,n88656223,XX1023027,0000 0001 0900 4866,1888-02-19T00:00:00Z,1928-12-02T00:00:00Z,<XXI
"Rivera_Ortiz,Carlos",Carlos Rivera Ortiz,,,,,,,,,,,,XXI
"Rivera_Quintana,Juan_C.",Juan C. Rivera Quintana,,,,,,,,,,,,XXI
"Rivero,Juan",Juan Rivero,,,,,,,,,,,,XXI
"Riveros,Juan_Pablo",Juan Pablo Riveros,,,,,,,,,,,,XXI
"Rizal_y_Alonso,José",José Rizal,1861-06-19,1896-12-30,male,Q1500,11922137c,41845763,n80051794,XX870212,0000 0000 8120 1592,1861-06-19T00:00:00Z,1896-12-30T00:00:00Z,<XXI
"Rodríguez,Ana",Ana Rodríguez,,,,,,,,,,,,XXI
"Rodríguez,Antonieta",Antonieta Rodríguez,,,,,,,,,,,,XXI
"Rodríguez,Claudio",Claudio Rodríguez García,1934-01-30,1999-07-22,male,Q3753452,12174936h,93638911,n85221682,XX1039935,0000 0001 0926 0368,1934-01-30T00:00:00Z,1999-07-22T00:00:00Z,<XXI
"Rodríguez,Francisco",Francisco Rodríguez,,,,,,,,,,,,XXI
"Rodríguez,Toño",Toño Rodríguez,,,,,,,,,,,,XXI
"Roibón,María_Milagros",María Milagros Roibón,,,,,,,,,,,,XXI
"Rojas,Gonzalo",Gonzalo Rojas,1917-12-20,2011-04-25,male,Q381097,12019538w,32008591,n79135565,XX1107092,0000 0000 8369 1222,1917-12-20T00:00:00Z,2011-04-25T00:00:00Z,<XXI
"Rojo,Jorge",Jorge Rojo,,,,,,,,,,,,XXI
"Rokha,Pablo_de",Pablo de Rokha,1895-10-17,1968-09-10,male,Q1170260,12094215v,106089228,n80138126,XX1045075,0000 0000 7822 6924,1895-10-17T00:00:00Z,1968-09-10T00:00:00Z,<XXI
"Romano,Ana",Ana Romano,,,,,,,,,,,,XXI
"Romera,Mario",Mario Romera,,,,,,,,,,,,XXI
"Romero,Armando",Armando Romero,1944-01-01,,male,Q5704611,12059680s,4951582,n85353369,XX857479,0000 0003 7437 7161,1944-01-01T00:00:00Z,,<XXI
"Rosa_Luna,Dora_Elia_de_la",Dora Elia de la Rosa Luna,,,,,,,,,,,,XXI
"Rosales,Luis",Luis Rosales,1910-05-31,1992-10-24,male,Q537776,12027211r,4944528,n79079170,XX1111761,0000 0001 2118 5495,1910-05-31T00:00:00Z,1992-10-24T00:00:00Z,<XXI
"Rosales_Vera,Carmen",Carmen Rosales Vera,,,,,,,,,,,,XXI
"Rosario,Jorge_del",Jorge del Rosario,,,,,,,,,,,,XXI
"Rosenmann-Taub,David",David Rosenmann-Taub,,,,,,,,,,,,XXI
"Rossetti,Ana",Ana Rossetti,1950-05-15,,female,Q3614866,12052694s,22161043,nr89003720,XX960031,0000 0000 8100 6690,1950-05-15T00:00:00Z,,<XXI
"Rossi,Horacio_C.",Horacio C. Rossi,,,,,,,,,,,,XXI
"Rubio,Ricardo",Ricardo Rubio,,,,,,,,,,,,XXI
"Rueda,Salvador",Salvador Rueda,1857-12-03,1933-04-01,male,Q5121471,13477679b,17371849,n86051343,XX1022853,0000 0001 2122 5119,1857-12-03T00:00:00Z,1933-04-01T00:00:00Z,<XXI
"Rugeles,Manuel_Felipe",Manuel Felipe Rugeles,1903-08-30,1959-11-04,male,Q364926,13477679b,75155703,n80106880,XX1233230,0000 0001 0916 7083,1903-08-30T00:00:00Z,1959-11-04T00:00:00Z,<XXI
"Ruiz,Felipe",Felipe Ruiz,,,,,,,,,,,,XXI
"Ruiz,Juan",Juan Ruiz,1283-01-01,1350-01-01,male,Q434597,120198617,163823217,n80045028,XX1151597,0000 0001 1243 009X,1283-01-01T00:00:00Z,1350-01-01T00:00:00Z,<XXI
"Ruiz_Aguilera,Ventura",Ventura Ruiz Aguilera,1820-11-02,1881-07-01,male,Q1395379,13477679b,13513737,no96060689,XX1119595,0000 0000 8093 0080,1820-11-02T00:00:00Z,1881-07-01T00:00:00Z,<XXI
"Ruoppolo,Pablo",Pablo Ruoppolo,,,,,,,,,,,,XXI
"Sabat_Ercasty,Carlos",Carlos Sabat Ercasty,1887-11-04,1982-08-04,male,Q1043213,126684311,118768668,n81102796,XX875916,0000 0000 8187 7699,1887-11-04T00:00:00Z,1982-08-04T00:00:00Z,<XXI
"Sabido_Sánchez,Fernando",Fernando Sabido Sánchez,,,,,,,,,,,,XXI
"Sabines,Jaime",Jaime Sabines,1926-03-25,1999-03-19,male,Q429554,120930001,93525087,n80159055,XX1378013,0000 0001 2143 8392,1926-03-25T00:00:00Z,1999-03-19T00:00:00Z,<XXI
"Salas,Francisco_Gregorio_de",Francisco Gregorio de Salas,1729-01-29,1807-12-02,male,Q5865917,120930001,89410665,n80159055,XX880402,0000 0000 6301 0485,1729-01-29T00:00:00Z,1808-12-03T00:00:00Z,<XXI
"Salazar,Jesús",Jesús Salazar,,,,,,,,,,,,XXI
"Salazar_V.,Abel",Abel Salazar V.,,,,,,,,,,,,XXI
"Salinas,Juan_de",Juan de Salinas y Castro,1559-12-24,1643-01-05,male,Q23695697,120930001,19701484,n88052992,XX1092462,0000 0001 1748 373X,1559-12-24T00:00:00Z,1643-01-05T00:00:00Z,<XXI
"Salinas,Pablo",Pablo Salinas,,,,,,,,,,,,XXI
"Salinas,Pedro",Pedro Salinas,1891-11-27,1951-12-04,male,Q379789,119234750,44304992,n79127088,XX1055262,0000 0001 0892 6498,1891-11-27T00:00:00Z,1951-12-04T00:00:00Z,<XXI
"Salvat,Belkys",Belkys Salvat,,,,,,,,,,,,XXI
"Samaniego,Félix_María_de",Félix Samaniego,1745-10-12,1801-08-11,male,Q379642,12299086c,75663,n79023229,XX1064053,0000 0001 0861 2077,1745-10-12T00:00:00Z,1801-08-11T00:00:00Z,<XXI
"San_Gil,Andrea",Andrea San Gil,,,,,,,,,,,,XXI
"San_Isidro,Olga",Olga San Isidro,,,,,,,,,,,,XXI
"Sanabria_Sánchez,Julio",Julio Sanabria Sánchez,,,,,,,,,,,,XXI
"Santa_Cruz,Nicomedes",Nicomedes Santa Cruz,1925-06-04,1992-02-05,male,Q3780177,12723778n,94637163,n83016840,XX1727662,0000 0000 6653 1999,1925-06-04T00:00:00Z,1992-02-05T00:00:00Z,<XXI
"Santervás,Lorena",Lorena Santervás,,,,,,,,,,,,XXI
"Santillana,Marqués_de","Íñigo López de Mendoza, 1st Marquis of Santillana",1398-08-19,1458-03-25,male,Q28779,118868151,39642259,n79018521,XX1106548,0000 0001 2129 1917,1398-08-19T00:00:00Z,1458-03-25T00:00:00Z,<XXI
"Sanz,Pedro",Pedro Sanz,,,,,,,,,,,,XXI
"Sanz_y_Sánchez,Eulogio_Florentino",Eulogio Florentino Sanz,1822-01-01,1881-04-29,male,Q5850736,17010103n,99982603,nb2015001063,XX4580176,0000 0001 1777 1280,1822-01-01T00:00:00Z,1881-04-29T00:00:00Z,<XXI
"Saravia,Rafael",Rafael Saravia,,,,,,,,,,,,XXI
"Sastre,Elvira",Elvira Sastre,1992-01-01,,female,Q27670801,169960434,310682473,n2014072399,XX5417948,0000 0004 3697 0172,1992-01-01T00:00:00Z,,<XXI
"Sánchez-Rojas,Patricio",Patricio Sánchez-Rojas,,,,,,,,,,,,XXI
"Sánchez_Boske,Antonio",Antonio Sánchez Boske,,,,,,,,,,,,XXI
"Sánchez_Carrón,Irene",Irene Sánchez Carrón,,,,,,,,,,,,XXI
"Sánchez_Chuchuca,Víctor_Roberto",Víctor Roberto Sánchez Chuchuca,,,,,,,,,,,,XXI
"Sánchez_Magariños,Mª_Guillermina",Mª Guillermina Sánchez Magariños,,,,,,,,,,,,XXI
"Sánchez_Vázquez,Pedro",Pedro Sánchez Vázquez,,,,,,,,,,,,XXI
"Segarra,Iván",Iván Segarra,01/01/1992,,female,,169960434,310682473,n2014072399,XX5417948,0000 0004 3697 0172,1992-01-01T00:00:00Z,,XXI
"Segura,René",René Segura,01/01/1992,,female,,169960434,310682473,n2014072399,XX5417948,0000 0004 3697 0172,1992-01-01T00:00:00Z,,XXI
"Segura_Vega,Eliana",Eliana Segura Vega,01/01/1992,,female,,169960434,310682473,n2014072399,XX5417948,0000 0004 3697 0172,1992-01-01T00:00:00Z,,XXI
"Segura_«Jesm»,Jorge_E.",Jorge E. Segura «Jesm»,01/01/1992,,female,,169960434,310682473,n2014072399,XX5417948,0000 0004 3697 0172,1992-01-01T00:00:00Z,,XXI
"Selgas_y_Carrasco,José",José Selgas,1822-11-27,1882-02-05,male,Q2616337,14830802m,74118486,n83136213,XX866103,0000 0000 8154 5141,1822-11-27T00:00:00Z,1882-02-05T00:00:00Z,<XXI
"Sensikasa,Egami",Egami Sensikasa,01/01/1992,,female,,169960434,310682473,n2014072399,XX5417948,0000 0004 3697 0172,1992-01-01T00:00:00Z,,XXI
"Serna_G.,Ricardo",Ricardo Serna G.,01/01/1992,,female,,169960434,310682473,n2014072399,XX5417948,0000 0004 3697 0172,1992-01-01T00:00:00Z,,XXI
"Servín,Cecilia",Cecilia Servín,01/01/1992,,female,,169960434,310682473,n2014072399,XX5417948,0000 0004 3697 0172,1992-01-01T00:00:00Z,,XXI
"Sevylla_de_Juana,Pedro",Pedro Sevylla de Juana,01/01/1992,,female,,169960434,310682473,n2014072399,XX5417948,0000 0004 3697 0172,1992-01-01T00:00:00Z,,XXI
"Sérvulo,Felipe",Felipe Sérvulo,01/01/1992,,female,,169960434,310682473,n2014072399,XX5417948,0000 0004 3697 0172,1992-01-01T00:00:00Z,,XXI
"Sierra,Iván_Francisco",Iván Francisco Sierra,01/01/1992,,female,,169960434,310682473,n2014072399,XX5417948,0000 0004 3697 0172,1992-01-01T00:00:00Z,,XXI
Silsh,Silsh,01/01/1992,,female,,169960434,310682473,n2014072399,XX5417948,0000 0004 3697 0172,1992-01-01T00:00:00Z,,XXI
"Silva,José_Asunción",José Asunción Silva,1865-11-27,1896-05-24,male,Q2983255,12120714n,39409953,n80025965,XX1078998,0000 0001 1057 0689,1865-11-27T00:00:00Z,1896-05-24T00:00:00Z,<XXI
"Silva-Rosas,Sonia",Sonia Silva-Rosas,01/01/1992,,female,,169960434,310682473,n2014072399,XX5417948,0000 0004 3697 0172,1992-01-01T00:00:00Z,,XXI
"Silva_Valdés,Fernán",Fernán Silva Valdés,1887-10-15,1975-01-09,male,Q1407435,"130908479,10536966h",85518887,no94002095,XX1026987,0000 0000 6635 3141,1887-10-15T00:00:00Z,1975-01-09T00:00:00Z,<XXI
"Sinibaldi,Franceso",Franceso Sinibaldi,01/01/1992,,female,,169960434,310682473,n2014072399,XX5417948,0000 0004 3697 0172,1992-01-01T00:00:00Z,,XXI
"Siroco,Jota",Jota Siroco,01/01/1992,,female,,169960434,310682473,n2014072399,XX5417948,0000 0004 3697 0172,1992-01-01T00:00:00Z,,XXI
"Slée-Egúsquiza,Luis_Esteban",Luis Esteban Slée-Egúsquiza,01/01/1992,,female,,169960434,310682473,n2014072399,XX5417948,0000 0004 3697 0172,1992-01-01T00:00:00Z,,XXI
"Solano_Grande,Santiago",Santiago Solano Grande,01/01/1992,,female,,169960434,310682473,n2014072399,XX5417948,0000 0004 3697 0172,1992-01-01T00:00:00Z,,XXI
"Soria_Rentería,Miguel_Ángel",Miguel Ángel Soria Rentería,01/01/1992,,female,,169960434,310682473,n2014072399,XX5417948,0000 0004 3697 0172,1992-01-01T00:00:00Z,,XXI
"Storni,Alfonsina",Alfonsin mizzu,1892-05-29,1938-10-25,female,Q238557,12020432k,90658830,n50010843,XX1061091,0000 0001 0859 1624,1892-05-29T00:00:00Z,1938-10-25T00:00:00Z,<XXI
"Suárez_Trénor,Francisco",Francisco Suárez Trénor,01/01/1992,,female,,169960434,310682473,n2014072399,XX5417948,0000 0004 3697 0172,1992-01-01T00:00:00Z,,XXI
"Suozzo,Mariana",Mariana Suozzo,01/01/1992,,female,,169960434,310682473,n2014072399,XX5417948,0000 0004 3697 0172,1992-01-01T00:00:00Z,,XXI
"Surià_López,Scheherezade",Scheherezade Surià López,01/01/1992,,female,,169960434,310682473,n2014072399,XX5417948,0000 0004 3697 0172,1992-01-01T00:00:00Z,,XXI
"Surián_Balaguer,José_María",José María Surián Balaguer,01/01/1992,,female,,169960434,310682473,n2014072399,XX5417948,0000 0004 3697 0172,1992-01-01T00:00:00Z,,XXI
Sverko,Sverko,01/01/1992,,female,,169960434,310682473,n2014072399,XX5417948,0000 0004 3697 0172,1992-01-01T00:00:00Z,,XXI
"Tablada,José_Juan",José Juan Tablada,1871-04-03,1945-08-02,male,Q2501863,"124890019,1",51792179,n82074225,XX1725942,0000 0001 2132 8740,1871-04-03T00:00:00Z,1945-08-02T00:00:00Z,<XXI
"Taglia,Hugo_Nicolás",Hugo Nicolás Taglia,01/01/1992,,female,,169960434,310682473,n2014072399,XX5417948,0000 0004 3697 0172,1992-01-01T00:00:00Z,,XXI
"Tanned,Willhelm",Willhelm Tanned,01/01/1992,,female,,169960434,310682473,n2014072399,XX5417948,0000 0004 3697 0172,1992-01-01T00:00:00Z,,XXI
"Tapia,Faustino_Calixto",Faustino Calixto Tapia,01/01/1992,,female,,169960434,310682473,n2014072399,XX5417948,0000 0004 3697 0172,1992-01-01T00:00:00Z,,XXI
"Tarriba_Unger,Emmanuel",Emmanuel Tarriba Unger,01/01/1992,,female,,169960434,310682473,n2014072399,XX5417948,0000 0004 3697 0172,1992-01-01T00:00:00Z,,XXI
"Teillier,Jorge",Jorge Teillier,1935-06-24,1996-04-22,male,Q3183894,121748812,24643255,n88262470,XX1130222,0000 0000 8103 0797,1935-06-24T00:00:00Z,1996-04-22T00:00:00Z,<XXI
"Téllez,Fray_Gabriel",Tirso de Molina,1579-03-24,1648-02-20,male,Q295598,11887708q,87464366,n81047641,XX1719677,0000 0001 1773 5570,1579-03-24T00:00:00Z,1648-02-20T00:00:00Z,<XXI
"Teresa_de_Jesús,Santa",Teresa of Ávila,1515-01-01,1582-01-01,female,Q174880,118876925,95217173,n80037617,XX1090246,0000 0001 2283 1620,"1515-01-01T00:00:00Z,1515-03-28T00:00:00Z","1582-01-01T00:00:00Z,1582-10-04T00:00:00Z",<XXI
"Tomé,Jesús",Jesús Tomé,01/01/1992,,female,,169960434,310682473,n2014072399,XX5417948,0000 0004 3697 0172,1992-01-01T00:00:00Z,,XXI
"Tornabene,Gabriel_Norberto",Gabriel Norberto Tornabene,01/01/1992,,female,,169960434,310682473,n2014072399,XX5417948,0000 0004 3697 0172,1992-01-01T00:00:00Z,,XXI
"Torre,Francisco_de_la",Francisco de la Torre,1534-01-01,1594-01-01,male,Q5868232,11991498m,19687085,n83193739,XX1111687,0000 0001 1042 2264,1534-01-01T00:00:00Z,1594-01-01T00:00:00Z,<XXI
"Torrecillas_Hernández,Laura",Laura Torrecillas Hernández,01/01/1992,,female,,169960434,310682473,n2014072399,XX5417948,0000 0004 3697 0172,1992-01-01T00:00:00Z,,XXI
"Torres_Bodet,Jaime",Jaime Torres Bodet,1902-04-17,1974-05-13,male,Q553110,11994225k,59092222,n80125787,XX1139398,0000 0001 1027 5671,1902-04-17T00:00:00Z,1974-05-13T00:00:00Z,<XXI
"Torres_González,Evardo_A.",Evardo A. Torres González,01/01/1992,,female,,169960434,310682473,n2014072399,XX5417948,0000 0004 3697 0172,1992-01-01T00:00:00Z,,XXI
"Torres_y_Villarroel,Diego_de",Diego de Torres Villarroel,1693-06-17,1770-06-19,male,Q2550205,119268467,24608654,n50046891,XX1107508,0000 0001 0879 291X,1693-06-17T00:00:00Z,1770-06-19T00:00:00Z,<XXI
"Tórtola,Luis_Elías",Luis Elías Tórtola,01/01/1992,,female,,169960434,310682473,n2014072399,XX5417948,0000 0004 3697 0172,1992-01-01T00:00:00Z,,XXI
"Trazar,Alba",Alba Trazar,01/01/1992,,female,,169960434,310682473,n2014072399,XX5417948,0000 0004 3697 0172,1992-01-01T00:00:00Z,,XXI
"Trindade,Raúl",Raúl Trindade,01/01/1992,,female,,169960434,310682473,n2014072399,XX5417948,0000 0004 3697 0172,1992-01-01T00:00:00Z,,XXI
"Trotta_de_Basciano,Irma",Irma Trotta de Basciano,01/01/1992,,female,,169960434,310682473,n2014072399,XX5417948,0000 0004 3697 0172,1992-01-01T00:00:00Z,,XXI
"Tubau,Iván",Ivan Tubau Comamala,1937-08-17,2016-11-13,male,Q9010193,16066818z,42500708,n83215535,XX1111786,0000 0000 6636 6858,1937-08-17T00:00:00Z,2016-11-13T00:00:00Z,<XXI
"Turcios,Froylán",Froylán Turcios,1874-07-07,1943-11-19,male,Q598228,12091758s,2498335,n81102815,XX1002068,0000 0000 8350 3324,"1874-07-07T00:00:00Z,1875-01-01T00:00:00Z",1943-11-19T00:00:00Z,<XXI
"Turull_Bargués,José",José Turull Bargués,01/01/1992,,female,,169960434,310682473,n2014072399,XX5417948,0000 0004 3697 0172,1992-01-01T00:00:00Z,,XXI
"Unamuno,Gonzalo",Gonzalo Unamuno,01/01/1992,,female,,169960434,310682473,n2014072399,XX5417948,0000 0004 3697 0172,1992-01-01T00:00:00Z,,XXI
"Unamuno,Miguel_de",Miguel de Unamuno,1864-09-29,1936-12-31,male,Q185085,120002678,88844103,n79060833,XX1139151,0000 0001 2142 8880,1864-09-29T00:00:00Z,1936-12-31T00:00:00Z,<XXI
"Uquillas,Diego",Diego Uquillas,01/01/1992,,female,,169960434,310682473,n2014072399,XX5417948,0000 0004 3697 0172,1992-01-01T00:00:00Z,,XXI
"Urbina,Luis_Gonzaga",Luis Gonzaga Urbina,1864-02-08,1934-11-18,male,Q5983576,12146078t,44335205,n88675374,XX1294025,0000 0001 1631 2170,1864-02-08T00:00:00Z,1934-11-18T00:00:00Z,<XXI
"Uribe,Jael",Jael Uribe,01/01/1992,,female,,169960434,310682473,n2014072399,XX5417948,0000 0004 3697 0172,1992-01-01T00:00:00Z,,XXI
"Vadillo_Omaña,Gabriela",Gabriela Vadillo Omaña,01/01/1992,,female,,169960434,310682473,n2014072399,XX5417948,0000 0004 3697 0172,1992-01-01T00:00:00Z,,XXI
"Vaeza_Grego,Alfredo_Horacio",Alfredo Horacio Vaeza Grego,01/01/1992,,female,,169960434,310682473,n2014072399,XX5417948,0000 0004 3697 0172,1992-01-01T00:00:00Z,,XXI
"Valcárcel,Celene",Celene Valcárcel,01/01/1992,,female,,169960434,310682473,n2014072399,XX5417948,0000 0004 3697 0172,1992-01-01T00:00:00Z,,XXI
"Valdés_Díaz-Vélez,Jorge",Jorge Valdés Díaz-Vélez,01/01/1992,,female,,169960434,310682473,n2014072399,XX5417948,0000 0004 3697 0172,1992-01-01T00:00:00Z,,XXI
"Valencia,Guillermo",Guillermo Valencia,1873-10-20,1943-07-08,male,Q2880050,12197764b,100210781,n82275761,XX922960,0000 0000 8169 4788,1873-10-20T00:00:00Z,1943-07-08T00:00:00Z,<XXI
"Valente,José_Ángel",José Ángel Valente,1929-04-25,2000-07-18,male,Q2997430,119274571,41847457,n80053259,XX1053576,0000 0001 0891 0007,1929-04-25T00:00:00Z,2000-07-18T00:00:00Z,<XXI
"Valiente,Mª_Graciela",Mª Graciela Valiente,01/01/1992,,female,,169960434,310682473,n2014072399,XX5417948,0000 0004 3697 0172,1992-01-01T00:00:00Z,,XXI
"Valle-Inclán,Ramón_María",Ramón del Valle-Inclán,1866-10-28,1936-01-05,male,Q311001,11927496x,68936773,n79004111,XX1055436,0000 0001 2137 9994,1866-10-28T00:00:00Z,1936-01-05T00:00:00Z,<XXI
"Vallejo,César",César Vallejo,1892-03-16,1938-04-15,male,Q222744,11927501p,46768177,n79120777,XX1055525,0000 0001 2096 0533,1892-03-16T00:00:00Z,1938-04-15T00:00:00Z,<XXI
"Vallejo_Piñas,Andrés",Andrés Vallejo Piñas,01/01/1992,,female,,169960434,310682473,n2014072399,XX5417948,0000 0004 3697 0172,1992-01-01T00:00:00Z,,XXI
"Vallerstein,Fernando_A.",Fernando A. Vallerstein,01/01/1992,,female,,169960434,310682473,n2014072399,XX5417948,0000 0004 3697 0172,1992-01-01T00:00:00Z,,XXI
"Vargas_Machuca,Mario",Mario Vargas Machuca,01/01/1992,,female,,169960434,310682473,n2014072399,XX5417948,0000 0004 3697 0172,1992-01-01T00:00:00Z,,XXI
"Varsovia,Ulises",Ulises Varsovia,01/01/1992,,female,,169960434,310682473,n2014072399,XX5417948,0000 0004 3697 0172,1992-01-01T00:00:00Z,,XXI
"Vásquez,Ana_C.",Ana C. Vásquez,01/01/1992,,female,,169960434,310682473,n2014072399,XX5417948,0000 0004 3697 0172,1992-01-01T00:00:00Z,,XXI
"Vásquez,Carlos",Carlos Vásquez,01/01/1992,,female,,169960434,310682473,n2014072399,XX5417948,0000 0004 3697 0172,1992-01-01T00:00:00Z,,XXI
"Vega,Garcilaso_de_la",Garcilaso de la Vega,1501-01-01,1536-10-14,male,Q311405,11927820s,100186624,n80005055,XX931941,0000 0001 2283 4303,"1501-01-01T00:00:00Z,1498-01-01T00:00:00Z",1536-10-14T00:00:00Z,<XXI
"Vega,Lope_Félix_de",Lope de Vega,1562-11-25,1635-08-27,male,Q165257,11927819k,89773778,n79040104,XX1719671,0000 0001 2102 9775,1562-11-25T00:00:00Z,1635-08-27T00:00:00Z,<XXI
"Velarde,José",José Velarde,01/01/1992,,female,,169960434,310682473,n2014072399,XX5417948,0000 0004 3697 0172,1992-01-01T00:00:00Z,,XXI
"Ventaja,Néstor",Néstor Ventaja,01/01/1992,,female,,169960434,310682473,n2014072399,XX5417948,0000 0004 3697 0172,1992-01-01T00:00:00Z,,XXI
"Verdugo_Pizarro,Rodrigo",Rodrigo Verdugo Pizarro,01/01/1992,,female,,169960434,310682473,n2014072399,XX5417948,0000 0004 3697 0172,1992-01-01T00:00:00Z,,XXI
"Verduzco,Sergio",Sergio Verduzco,01/01/1992,,female,,169960434,310682473,n2014072399,XX5417948,0000 0004 3697 0172,1992-01-01T00:00:00Z,,XXI
"Vergara_Medina,Rosalía",Rosalía Vergara Medina,01/01/1992,,female,,169960434,310682473,n2014072399,XX5417948,0000 0004 3697 0172,1992-01-01T00:00:00Z,,XXI
"Vélez,Sergio_Esteban",Sergio Esteban Vélez,01/01/1992,,female,,169960434,310682473,n2014072399,XX5417948,0000 0004 3697 0172,1992-01-01T00:00:00Z,,XXI
"Véner,Alonso",Alonso Véner,01/01/1992,,female,,169960434,310682473,n2014072399,XX5417948,0000 0004 3697 0172,1992-01-01T00:00:00Z,,XXI
"Vicéns,Nimia",Nimia Vicéns,1914-05-27,1998-05-27,male,,11927819k,89773778,n79040104,XX1719671,0000 0001 2102 9775,1914-05-27T00:00:00Z,1998-05-27T00:00:00Z,<XXI
"Vicente,Gil",Gil Vicente,1456-01-01,1536-01-01,male,Q360383,119281861,9854778,n50025343,XX1640342,0000 0001 2276 2549,1456-01-01T00:00:00Z,1536-01-01T00:00:00Z,<XXI
"Vidal,Aurelio",Aurelio Vidal,01/01/1992,,female,,169960434,310682473,n2014072399,XX5417948,0000 0004 3697 0172,1992-01-01T00:00:00Z,,XXI
"Villacañas,Beatriz",Beatriz Villacañas,01/01/1992,,female,,169960434,310682473,n2014072399,XX5417948,0000 0004 3697 0172,1992-01-01T00:00:00Z,,XXI
"Villaespesa,Francisco",Francisco Villaespesa,1877-01-01,1936-01-01,male,Q717221,129185893,73982212,n85208927,XX1078753,0000 0001 2139 596X,"1877-01-01T00:00:00Z,1877-10-15T00:00:00Z","1936-01-01T00:00:00Z,1936-04-09T00:00:00Z",<XXI
"Villagrasa_González,Enrique",Enrique Villagrasa González,1957-05-27,,male,,129185893,73982212,n85208927,XX1078753,0000 0001 2139 596X,1957-05-27T00:00:00Z,,<XXI
"Villalobos,Íñigo",Íñigo Villalobos,01/01/1992,,female,,169960434,310682473,n2014072399,XX5417948,0000 0004 3697 0172,1992-01-01T00:00:00Z,,XXI
"Villamediana,Conde_de","Juan de Tassis, 2nd Count of Villamediana",1582-01-01,1622-08-21,male,Q4111408,12129202f,47558272,n85049209,XX1297700,0000 0001 1635 9470,1582-01-01T00:00:00Z,1622-08-21T00:00:00Z,<XXI
"Villarreal,Albinka",Albinka Villarreal,01/01/1992,,female,,169960434,310682473,n2014072399,XX5417948,0000 0004 3697 0172,1992-01-01T00:00:00Z,,XXI
"Villaurrutia,Xavier",Xavier Villaurrutia González,1903-03-27,1950-01-31,male,Q722429,12019588f,34468837,n50014006,XX4579533,0000 0001 1617 5882,1903-03-27T00:00:00Z,"1950-01-31T00:00:00Z,1950-12-25T00:00:00Z",<XXI
"Villegas,Esteban_Manuel_de",Esteban Manuel de Villegas,1589-02-05,1669-09-03,male,Q2746871,13163367t,100216239,n86822528,XX825168,0000 0001 1856 5622,1589-02-05T00:00:00Z,1669-09-03T00:00:00Z,<XXI
"Villena,Luis_Antonio_de",Luis Antonio de Villena,1951-10-31,,male,Q1984254,13163367t,84118257,n79084246,XX1094568,0000 0001 0920 1819,1951-10-31T00:00:00Z,,<XXI
"Vitier,Cintio",Cintio Vitier,1921-09-25,2009-10-01,male,Q1092590,120337341,100187376,n82094671,XX874804,0000 0001 2145 1239,1921-09-25T00:00:00Z,2009-10-01T00:00:00Z,<XXI
"Vivanco,Luis_Felipe",Luis Felipe Vivanco,1907-08-22,1975-11-21,male,Q9025062,11887844v,100201465,n80060689,XX1104858,0000 0001 1691 6820,1907-08-22T00:00:00Z,1975-11-21T00:00:00Z,<XXI
"Vivencio,Luis",Luis Vivencio,01/01/1992,,female,,169960434,310682473,n2014072399,XX5417948,0000 0004 3697 0172,1992-01-01T00:00:00Z,,XXI
"Vlasin,Gelu",Gelu Vlasin,01/01/1992,,female,,169960434,310682473,n2014072399,XX5417948,0000 0004 3697 0172,1992-01-01T00:00:00Z,,XXI
"Volpicella,Carlo",Carlo Volpicella,01/01/1992,,female,,169960434,310682473,n2014072399,XX5417948,0000 0004 3697 0172,1992-01-01T00:00:00Z,,XXI
"Waits,Mario",Mario Waits,01/01/1992,,female,,169960434,310682473,n2014072399,XX5417948,0000 0004 3697 0172,1992-01-01T00:00:00Z,,XXI
"Walker,Green",Green Walker,01/01/1992,,female,,169960434,310682473,n2014072399,XX5417948,0000 0004 3697 0172,1992-01-01T00:00:00Z,,XXI
"Walsh,María_Elena",María Elena Walsh,1930-02-01,2011-01-10,female,Q188848,12339087n,79093736,n82036467,XX1111916,0000 0000 8158 8969,1930-02-01T00:00:00Z,2011-01-10T00:00:00Z,<XXI
"Wayra,Puriq",Puriq Wayra,01/01/1992,,female,,169960434,310682473,n2014072399,XX5417948,0000 0004 3697 0172,1992-01-01T00:00:00Z,,XXI
"Winter,Frank",Frank Winter,01/01/1992,,female,,169960434,310682473,n2014072399,XX5417948,0000 0004 3697 0172,1992-01-01T00:00:00Z,,XXI
"Yepes_Álvarez,Juan_de",John of the Cross,1542-06-24,1591-12-14,male,Q190388,11909164j,"95297879,4",n79063706,XX951265,0000 0001 2144 2455,1542-06-24T00:00:00Z,1591-12-14T00:00:00Z,<XXI
"Yupanqui,Atahualpa",Atahualpa Yupanqui,1908-01-31,1992-05-23,male,Q284017,12409367d,71478730,n83013611,XX1134581,"0000 0001 0914 026X,0000 0003 6855 6665",1908-01-31T00:00:00Z,1992-05-23T00:00:00Z,<XXI
"Zacagnino,Ana_María",Ana María Zacagnino,01/01/1992,,female,,169960434,310682473,n2014072399,XX5417948,0000 0004 3697 0172,1992-01-01T00:00:00Z,,XXI
"Zafra_Moreno,Arturo",Arturo Zafra Moreno,01/01/1992,,female,,169960434,310682473,n2014072399,XX5417948,0000 0004 3697 0172,1992-01-01T00:00:00Z,,XXI
"Zamudio,Adela",Adela Zamudio,1854-10-11,1928-06-02,female,Q353784,12018805h,64018027,n82095054,XX1384103,"0000 0001 2101 8718,0000 0003 6863 5486",1854-10-11T00:00:00Z,1928-06-02T00:00:00Z,<XXI
"Zarza_Galeano,Adolfo",Adolfo Zarza Galeano,01/01/1992,,female,,169960434,310682473,n2014072399,XX5417948,0000 0004 3697 0172,1992-01-01T00:00:00Z,,XXI
"Zerón,Lina",Lina Zerón,01/01/1992,,female,,169960434,310682473,n2014072399,XX5417948,0000 0004 3697 0172,1992-01-01T00:00:00Z,,XXI
"Zini_Villalba,Padre_Julián",Padre Julián Zini Villalba,01/01/1992,,female,,169960434,310682473,n2014072399,XX5417948,0000 0004 3697 0172,1992-01-01T00:00:00Z,,XXI
"Zorrilla,José",José Zorrilla,1817-02-21,1893-01-23,male,Q331863,11887922t,31991713,n50016892,XX932120,0000 0001 2126 5698,1817-02-21T00:00:00Z,1893-01-23T00:00:00Z,<XXI
"Zubiría_Luque,Rocío",Rocío Zubiría Luque,01/01/1992,,female,,169960434,310682473,n2014072399,XX5417948,0000 0004 3697 0172,1992-01-01T00:00:00Z,,XXI
